"chara_card_id","book_type","title","text_id","content","image","age_no"
6,1,"Tahun 3395 Lumpur",1,"Salju mulai turun selepas siang. Permukaan tanah yang diterpa tembakan bertubi-tubi berubah wujud menjadi lumpur dan mengotori kaki Evarist.<br>
Izac datang ke sekitar tembok pertahanan dan ia pun berbisik. Baju tempurnya yang kotor menceritakan kedahsyatan pertarungan.<br>
«Terjebak ya»<br>
Tetapi, di raut wajah itu tampak seberkas senyum. Nada bicaranya seperti mengejek Evarist.<br>
«Aku tahu. Maka dari itu aku ke sini. Pengorbanan diperlukan ketika kau menginginkan sesuatu.»<br>
«…Pengorbanan? Kasihan sekali anak-anak buahmu.»<br>
«Kau pun anak buahku,»<br>
«Aku memang suka sih, peperangan. Aku menikmatinya,»<br>
«Mulai sekarang, mungkin akan lebih menyenangkan. Lihatin,»<br>
Di ujung tembok pertahanan, Izac mengintip.<br>
«Kau lihat itu?»<br>
Di tepian pantai di seberang, tampak para prajurit sedang bergerak kesana kemari dengan terburu-buru.<br>
Peralatan itu tampak jelas berbeda dengan yang dimiliki oleh prajurit Burnside.<br>
«Prajurit tambahan?»<br>
«Mereka prajurit Inperoda. Mereka membawa serta monster,»<br>
Evarist memutuskan untuk memberi tahu Izac tentang perintah dari Jendral Shidol.<br>
　<br>
[Ibukota-----]<br>
　<br>
«Aku khawatir,»<br>
Shogun meletakkan gelas sake-nya dan bercerita.<br>
«Terlalu banyak jumlah pejabat militer dalam pasukan kita,»<br>
«Aku memeliharamu, Kapten Valu»<br>
Mata Shogun yang dikelilingi oleh kerutan wajah yang dalam itu adalah pusat dari kekuasaan Shogun yang berpostur kecil itu.<br>
«Terutama kamu. Lebih sebagai prajurit, bukan sebagai tentara militer.»<br>
Dulu, Jenderal adalah orang yang spesial di kalangan tentara kerajaan Grandelenia.<br>
Ketika zaman keemasan telah dimulai, hampir seluruh daerah  di dunia ini terbebas dari kekacauan, dan pada saat itulah Ia yang pertama kali mengusulkan untuk menambah pasukan militer dan memperluas teritori kerajaan.<br>
Ia banyak membuahkan hasil dan menaikkan harga diri kerajaan. Akan tetapi, kesuksesannya itu justru terlalu besar dan membahayakan posisinya di dalam kerajaan.<br>
Situasi yang tak menentu dalam perang melawan Kerajaan Rubiona di Barat Depan terus berlanjut, bayang-bayang kegelapan mulai muncul dalam kekuatan politik dalam militer.<br>
«Di manakah tempat kelahiranmu? Aku dengar bukan di daerah kekuasaan kerajaan,»<br>
Hingga saat ini, acara makan merupakan tempat rutin untuk berbagi dengan para perugas tentang keadaan perang, permintaan, dan lainnya. Tetapi, hari ini hanya Evarist yang dipanggil.<br>
«Forest Hill. Sekarang, tempt itu sudah tidak ada lagi. Ketika aku masih kecil, aku tertelan oleh pusaran air.<br>
Evarist mengatakan hal yang sesungguhnya. Selama maksud dari Jenderal belum bisa diketahui dengan pasti, Ia tidak merasa perlu tarik-ulur tentang ini.<br>
«Aku dibesarkan di Kerajaan sebagai pengungsi, pada usia 17 tahun aku mendaftar sebagai tentara militer,»<br>
«Apa alasanmu mendaftar ke militer?»<br>
«Untuk menguji kemampuanku. Aku ingin tahu sampai sejauh mana kemampuanku,»<br>
Jenderal menatap Evarist.<br>
«Oh, begitu. Apa yang kamu rasakan mengenai tempat kelahiranmu dan lingkungannya?»<br>
«Aku tidak mengasihani diriku sendiri. Pada akhirnya, perasaan menyertai suatu tindakan. Selama kita terus maju,<br>
aku tidak merasa perlu menghiraukannya,»<br>
«Pernyataan yang menarik. Bisa diandalkan sebagai komandan barisan depan,»<br>
Jenderal tertawa, lalu meminum sake-nya.<br>
«Jenderal, apakah alasan Anda memanggil saya hari ini?»<br>
Evarist akhrinya memulai pembicaraan.<br>
«Jangan terburu-buru, Kapten. Dengarkan dulu,»<br>
«Tidak ada tujuan dalam hidupku. Entah mau lahir dimana, lahir di keluarga seperti apa, pada akhirnya semua akan mati,»<br>
«Tapi beda halnya dengan perang. Entah mau mulai dimana, tujuannya adalah untuk menang. Di situlah hal yang menarik bagiku,»<br>
Jenderal bangkit dari kursinya, lalu ia menuju peta yang tergantung di dinding.<br>
«Daerah perang terus meluas tiap harinya. DI barat, timur, dan selatan juga. Lalu, di setiap medan perang kita akan menang,»<br>
Jenderal berbalik badan, matanya tampak bersinar.<br>
Rupanya semangat yang agak menyimpang itulah yang membuat pria bertubuh kecil ini menjadi seorang jenderal, pikir Evarist.<br>
«Untuk itu kita perlu tenaga yang baru,»<br>
«Aku ingin kamu mendengarkan sebuah permohonan. Hanya pria sepertimu yang bisa mengerjakan tugas spesial ini,»<br>
　<br>
　<br>
[Perbatasan ----]<br>
　<br>
Pagi telah menjelang. Seiring dengan berakhirnya malam, dari pantai seberang tampak sosok tiga monster muncul secara perlahan. TIngginya sekitar 3 Alure (4.5 meter), dan lebarnya pun hampir sama dengan itu. Dari jarak jauh pun bisa terasa betapa besarnya mereka.<br>
Di punggungnya, tentara kavaleri sedang menunggangi monster itu. Di bagian mulutnya terpasang alat pengendali, lalu tentara kavaleri menggenggam kekang yang menjuntai dari alat pengendali. Kemarin, sudah diketahui jenis monster apa itu. Dulu, jenis itu disebut «Topea».<br>
　<br>
Ketika berjalan, binatang-binatang itu menggunakan 4 kaki, tetapi ketika sedang memangsa, mereka bisa berdiri dan menggunakan kaki depan mereka dengan lihai. Kulitnya merah dan tebal seperti cangkang,lalu memiliki kemampuan penyembuhan yang kuat. Memang, mereka adalah tipe yang menguntungkan di saat perang.<br>
Sambil menarik alat penghalang (?) di belakangnya, para binatang itu berjalan perlahan menuju jembatan. Pada saat bersamaan, dari belakang, tentara insinyur Burnside mulai muncul menyebrangi jembatan. Dengan kekuatan alat pertahanan yang ditarik oleh para binatang  perang, tidak ada kekhawatiran mengenai peluru maupun penembakan.<br>
Para tentara insinyur menyingkirkan ranjau dan rintangan yang kami pasang di jembatan.<br>
Di Burnside maupun Inperoda, hubungan dengan para «insinyur» yang mengatur teknologi terbilang lemah, mereka tidak memiliki mesin-mesin otomatis dan canggih seperti yang kami pakai. Tetapi mereka memiliki teknologi alat penghalang (?) untuk keamanan yang terdapat di setiap kota.<br>
Para ksatria sudah berkumpul. Para ajudan berdiri di dekat robot kuda «Autohorse», menunggu Evarist. Ia naik ke atas kuda, dan setelah menerima senapan «carbine» dari si ajudan, ia mengecek ruangan senapan, lalu memasangkan kakinya di pelana. (?) Ajudan pun naik ke kudanya sendiri, lalu anggota pasukan lainnya pun turut naik ke kuda masing-masing.<br>
Evarist menarik pedangnya dan berseru kepada pasukannya.<br>
«Saat ini, kita sebagai tentara kerajaan sedang berperang melawan Rubione (?). Sekarang, tentara Burnside mulai menginvasi Maiokka (?) ini dengan cara menusuk penjaga belakang. Itu adalah tindakan yang kejam. Terlebih lagi, di belakang mereka ada Inperoda yang membawa serta binatang pengganggu. Kita tidak bisa menyerah di sini!»<br>
«Untuk para kawan kita yang bertarung di barat! Untuk melindungi keluarga yang menunggu di tanah air! Kita hentikan Inperoda di sini!»<br>
«Janganlah takut akan binatang besar itu, takutlah dengan rasa malu akan kekalahan!»<br>
Para anggota pasukan pun berseru dan mengangkat wajah mereka. Mereka semua tampak tegang, tapi wajah itu menunjukkan keinginan mereka untuk berperang.<br>
«Maju!»<br>
Wakil kapten, Izac, mempersiapkan jajaran. Izac berdiri di sebelah Evarist.<br>
«Oke, mari kita nikmati ini! Selama kita masih hidup!»<br>
Di belakang Izac, berdiri seorang ajudan. Wajahnya tampak sangat pucat karena gugup.<br>
«Omong kosong, Letnan. Belajarlah dari dia,»<br>
Si ajudan yang diajak bicara tiba-tiba, menatap Izac dengan wajah kaget.<br>
«Saya dimarahi. Kapten meyeramkan, ya,»<br>
Dengan penuh semangat, para pasukan ksatria bergerak meninggalkan markas. Para Autohorse menghindari rintangan yang telah dipasang oleh para insinyur dengan lihai, seakan-akan mereka sedang menari. Gerakan mendetail Automata yang dibuat oleh para insinyur bergerak seolah-olah sedang meluncur, membawa maju para kuda dan pasukan kavaleri.<br>
Para insinyur yang memasang rintangan meninggalkan pos mereka, berlari menuju pantai  seberang. Tetapi segera setelah itu, pasukan Autohorse mengejar mereka dari belakang, dan mereka pun terjepit di antara pedang dan tubuh kuda. Mereka pun jatuh ke tanah. Tentara dan pasukan binatang Burnside berusaha mati-matian untuk menarik kekang, dan melepaskan alat -----.<br>
Ia mempersiapkan senapan, menghentikan kudanya, dan mengincar prajurit yang menunggangi monster. Jaraknya masih lebih dari 50 Alure (75 meter), tapi ia mulai bisa menjatuhkan target yang bergerak-gerak.<br>
Waktu terasa sangat lambat. Evarist menyadari bahwa dirinya berdiri di «ujung». Ini waktunya unutk menggunakan kekuatan, batinnya.<br>
Di matanya, terlihat «masa depan» para prajurit pasukan monster dari balik percikan api senapan.<br>
Ujung senapan yang bergetar dan refleksi masa depan bercampur jadi satu. Setelah dibayangkan olehnya saat si prajurit pasukan monster jatuh, ditariknya pelatuk senapannya. Bagaikan waktu yang berputar balik, prajurit yang awalnya telah bangkit pun kembali jatuh. Prajurit pasukan monster itu tergantung di sadel monster dan akhirnya tewas.<br>
Dua orang prajurit yang tersisa menunggangi monster dalam satu baris, lalu berakhir dengan cara yang sama.<br>
«Kerja yang hebat, Kapten,»<br>
Ajudan pun berseru melihat monster yang ditakutinya telah ditaklukkan. Ternyata Ia pun berhenti, sama sepertiku.<br>
«Jangan pedulikan aku, maju saja ke depan! Pertandingan sebenarnya baru dimulai setelah kita menyebrangi jembatan!»<br>
Bersama dengan Ajudan, aku langsung menyusul ke barisan depan. Dengan cepat, kami lewati si monster. «To-Bear» itu sama sekali tidak bergerak. Setelah melihat sebentar mayat prajurit pasukan monster yang tergantung tak bernyawa, aku pun menuju ke arah belakang kapal penghalang.<br>
«Kalau ini, hanya bisa dijadikan kuda pengangkut barang, ya.»<br>
Ajudan menyeru dengan nada suara yang tinggi.<br>
Di sekitar kapal penghalang, para prajurit garis depan tampak terhenti. Karena kapal penghalang sangatlah esensial dalam pertempuran ini, apapun yang terjadi pasti ada prajurit pertahanan yang berjaga. Dengan senapan api, mereka menjaga agar kuda tidak mendekat.<br>
«Ada apa?»<br>
«Penempatannya diatur dengan baik. Aku tidak bisa pergi sekarang,»<br>
Jawab Izac.<br>
«Tidak ada waktu lagi, ayo kita pergi sekarang!»<br>
Izac mengangguk.<br>
«Ikuti aku dan Izac! Jangan lupa kau harus bawa senapan!»<br>
Jika kami bergerak dari kanan-kiri pada waktu yang bersamaan, pasti salah satu akan sampai. Jika kami makan terlalu banyak waktu di sini, kami tidak akan bisa menghentikan pasukan utama yang berada di pantai seberang dan akan mati sia-sia.<br>
«Maju!»<br>
Aku berseru dan  bergerak dalam waktu bersamaan.<br>
Setelah kebingungan sesaat, ujung senapan diarahkan  kepada kami. Sambil menunggangi Autohorse, Evarist meyembunyikan tubuhnya dan dipegangnya senapan. Kalau hanya beberapa tembakan, Ia masih bisa menahan Autohorse-nya. Selama tidak tertembak peluru, ia tidak akan mati.<br>
Bersamaan dengan bunyi tembakan yang menggema, Evarist mendapatkan serangan dahsyat. Ia kehilangan kontrol akan Autohorse, lalu jatuh di depan kapal penghalang. Ia dilempar keluar, lalu dibanting ke atas tanah. Ia merasakan kesakitan, tetapi ia terus berusaha sekuat tenaga untuk mengangkat wajahnya agar ia tidak terinjak-injak.<br>
Setelah itu, Evarist berhasil menyingkir. Nampaknya, senapan para prajurit pertahanan telah menghunjam Izac.<br>
«Apa kau tidak apa-apa?!»<br>
Sang Ajudan mendekatinya.<br>
«Ayo kita bertukar kuda!»<br>
«Tidak, tolong bawa aku di belakangmu,»<br>
Untungnya, nampaknya tidak ada tulang yang patah. Evarist meminjam senapan, lalu naik ke belakang Autohorse.<br>
Setelah mengamankan kapal penghalang dan menyebrangi dua pertiga jembatan, para prajurit snaiper tampak mendesak kerumuman keluar.<br>
Bagi tentara kavaleri, para perajurit snaiper yang telah terlatih adalah sebuah ancaman.<br>
Dari atas kuda, Evarist membidik para komandan snaiper. Ditariknya pelatuk. menarik busur untuk membatasi memicu Peluru pun melaju di udara, dipercepat oleh tekanan gas.<br>
Semua indra menjadi terhubung. Seperti halnya prinsip peluru yang akan tertembak jika pelatuknya ditarik, peluru pun tersedot ke dalam celah rongga mata si 装甲猟兵.<br>
Komandan pun tumbang. Musuh pun belum sadar akan apa yang terjadi. Ketika mereka akan menyamakan penembakan berikutnya, Pada saat itu, Izac yang semula sudah berada di depan nampak kembali masuk dalam penglihatan Evarist.<br>
Izac yang turun dari kuda tidak bisa mengejar kecepatan 装甲猟兵. Tampak jelas sekali bahwa mereka kebingungan.<br>
Evarist yang telah berhasil menyusul ke barisan depan pun turun dari kuda, bersama dengan Izac, ia ayunkan pedangnya. Di situ, ia dan Izac menarik perhatian 装甲猟兵 dan memerintahkan pasukannya untuk bergerak terlebih dahulu.<br>
Pasukan lawan yang berada di belakang mulai berlari kabur. Mereka ketakutan melihat para monster dan 装甲猟兵 yang selama ini menjadi tumpuan mereka kalah begitu saja.<br>
Izac menutupnya dengan sebuah pukulan di leher 装甲猟兵.<br>
Evarist yang berperang sambil mengecek keadaan perang meyakini kemenangan. Meskipun banyak kerugian, yang ia inginkan telah ia dapatkan.<br>
Sebagai pihak yang tidak memiliki apa-apa, pertarunganlah jalan keluar untuk mendapatkan sesuatu.<br>
Di tengah-tengah medan perang yang dilumuri darah, tekad Evarist tidak berubah.<br>
　<br>
　<br>
- Fin -<br>","ch01_a.swf","3395_010"
36,1,"Tahun 3395 Iblis",1,"Seorang laki-laki yang berada di kursi kemudi itu melirik lagi ke arah belakang kereta kuda.<br>
Pada jarak tertentu para hewan iblis itu telah mengarahkan caravannya, dan akhirnya secara serentak menyerang.<br>
meskipun kecepatan kuda mekanik ditingkatkan dengan sekuat tenaga, namun apa daya jarak mulai semakin mendekat secara perlahan. kita mulai berfikir tinggal masalah waktu yang akan membuka mukuro yang keji itu di padang gurun.<br>
Jika menghilangkan imajinasi yang tidak menyenangkan dengan menggelengkan kepala, maka laki-laki itu dapat mengarahkan matanya ke arah lajunya kereta untuk mencari jalan keluar dari kejaran.<br>
Di sana, ada seorang anak muda berdiri. Rambut yang berwarna emas bersinar di langit biru. Lalu mata berwarna biru langit  bersinar lebih cerah daripada langit biru di atasnya. Namun, tubuh yang telah dilatih untuk tak tertandingi tampaknya dengan wajah seperti itu telah membuat sebuah keseimbangan yang indah menyerupai patung kuno.<br>
«Kau dalam bahaya! hewan iblis mau menerkam»<br>
suara laki-laki yang di bangku kusir tidak akan terdengar gara-gara dipengaruhi suara gemuruh roda kereta.<br>
Namun, ternyata pria muda itu mengangguk dengan kata-kata tersebut.<br>
setelah pedang ditarik dari sarung pinggang, menuju ke depan kereta yang sedang mendekat.<br>
Apa sudah gila. Laki-laki kusir mengenang saat-saat tersebut seperti ini.<br>
Pria muda itu melompat dari depan ke arah kusir kereta yang mendekat dengan kecepatan penuh. Setelah menyeberangi atap alat pengankut, ia pergi melompat ke dalam kawanan hewan iblis dari belakang. Kejadian berlangsung cepat, laki-laki itu tidak mengerti apa yang sudah terjadi. Ini bukan saraf motorik yang biasa.<br>
Saat pria itu menatap ke belakang kereta dengan tergesa-gesa, pria itu berjuang sendirian melawan sekumpulan hewan iblis. Di sekitar kakinya, ada lima tubuh mayat telah bergeletakan.<br>
«Hanya dalam sekejap dapat mengalahkan segitu banyak...»<br>
Dengan melihat «medan perang» yang makin lama makin mengecil dan menjauh, pria itu terfikir rencana.<br>
Dengan menggunakan akselerasi lompatan dari atap gerbong kereta, Abel mengalahkan hewan iblis yang berada di hadapan mata. Lalu dengan cepat memutar pedang untuk membasmi 2, 3 hewan iblis yang yang berkerumun di sekitarnya. Setelah itu menarik keatas pedangnya menghancurkan tengkorak hewan iblis yang mau menyerang. Cairan dari otak hamburan, membuat hewan iblis lainnya merasa ketakutan sesaat.<br>
Perwujuban Hewan Iblis tersebut seperti serigala dan kadal yang dibelah dua. Meskipun itu hewan karnivora, yang biasanya mengincar hewan kecil maupun hewan iblis kecil, seharusnya sangat jarang mengincar gerombolan kereta. Namun, jumlah hewan iblis juga berkurang di dunia ini yang telah lenyap dari pusaran, mungkin telah kesulitan mencari makanan.<br>
«Kalian juga sama seperti saya»<br>
Monster kacau yang telah terkikis dari dunia yang sama - pihak lain tidak boleh mengarahkan seperti saling memahami akan niat, Abel memegang rasa keintiman.<br>
«Tapi!»<br>
Tanpa peduli terhadap yang lain seperti rasa hormat Abel, kawanan binatang membangun kembali postur yang menerkam. Naluri yang kami menjalani hidup melewati di padang gurun tandus, para raksasa melompat ke arah Abel pada saat yang sama dari kiri dan kanan.<br>
------- Arah kanan sedikit lebih cepat!<br>
Panca indra Abel yang sudahterasah baik, melihat  sedikit perbedaan yang tidak bisa orang biasa tidak pernah bisa rasakan. Menangkis serangan rakasa di sebelah kanan dengan memutar tubuh, untuk memotong dua binatang dari dua tubuh dengan pemanfaatan rotasi.<br>
Spontan tumpahan senyum. Meninggikan suasana hati yang meluap bagaikan narkoba dalam otak. Tampilan dicelup putih, yangada didalamnya itu adalah hanya «musuh» dan «diri».<br>
Gurun berubah menjadi medan perang, seorang pemuda telah menjadi setan. Abel dikembalikan kepada kami dalam suaranya, «gengster  yang mencolok sudah beraksi!»<br>
Jika  dilihat dari cara bersuara, pria yang mengendarai kuda mekanik itu semakin dekat. Itu akan menjadi tempat di mana jika Anda datang sedikit lebih dekat, itu akan menyerang secara refleks.<br>
Mayat rakasa yang tersebar di sekitarnya. Abel mengakhiri rasa dan telah memastikan  bahwa tidak ada suara, samar napas. Bau darah digantung di atas padang gurun kematian. «Ini untuk apa?»<br>
Jika Abel bertanya,  pria bermesin kuda membuka mulut seketika, aku mulai tertawa setelah saat ini.<br>
«U ha ha sauadraku. Kukatakan ini menarik. Aku datang untuk meperkerjakanmu», «mempekerjakan?»<br>
«Apakah begitu. Tidak jarang sulap yang bisa melawan rakasa itu. Bisakah melakukan pengawalan kafilah kita? Bonus akan keluar tapi akan dibayar dengan benar ketika  sudah tiba di ke Mirigadia»<br>
Berbicara tentang Kerajaan Mirigadia , itu adalah negara agama yang mengatur taipan «overload» Basuteta. Sebuah kafilah negara seperti ini, mengapa tanahnya seperti ini berada di dekat Inperoda. Abel  dengan penuh perhatian, pria itu berkata sepertinya paham.<br>
«Lihatlah, Mirigadia telah menandatangani aliansi dengan Inperoda hari ini.<br>
Berkat anda rute bisnis baru sudah didapat. Mengembalikan ekspedisi pertama yang harus diperingati saat ini. Saat  hampir para raksasa itu  mungkin diserang, saudaraku telah muncul! «sanjungan yang baik ......»<br>
Sudah diketahui pria itu sudah mengetahui bahwa  belum melihat adanya pertarungan. Dengan membujuk mencoba untuk menanggung pengawalan, tapi kata-kata seperti itu akan berefek berlawanan pada Abel.<br>
«aku minta maaf aku minta maaf . berkeliling dulu sebelum bicara bisnis ya. Jadi bagaimana?mau menerima? «Sedikitnya  kita makan sepanjang jalan dengan kenyang»<br>
Kalau begitu makanannya tidak ada yang dipercaya. Kalau dipikir-pikir itu kita bermaksud untuk «berburu», kalau makanan sudah tersaji, kafilah ini boleh pergi.<br>
«baiklah saya mengerti.  Ayo kita terima?»<br>
«Kupikir begitu!, Jangan naik. Karena aku bergabung dengan kekuatan utama»<br>
Saat meletakan kaki akan manaiki dibelakang mesin kuda  yang dimainkan pria, abel membuka mulut seperti mengingat. «Seandainya aku menyerang kafilah kalian semua, bagaimana menurut kalian?»<br>
«Tidak, itu yaa» pria itu tertawa menyeringai.<br>
«Kau tidak membuat perampokan. Namun,  ada rambut pertempuran gila  ChiitoBakashi» Abel hanya sedikit terkejut. Pengamatan mata pria ini tampaknya cukup tajam rupanya. Ketika datang, dengan jarak sempit suaranya ada dalam perhitungannya.<br>
«Cukup, dimana penyelundup itu diperkirakan»<br>
Senyum yang berbeda dari saat pertempuran pada wajah abel Abel menyebar.<br>
Beberapa hari telah lewat  sejak Abel bertemu dengan kafilah Mirigadia. Perjalanan itu lancar secara umum, ada serangan rakasa beberapa kali, tetapi telah ditolak tanpa banyak kerusakan oleh aksi-aksi  Abel.<br>
Jika berbicara keluhan bagidia buruknya kenyamanan kereta kuda di siang hari. Pedagang padang gurun pergi jalan tanpa jalan, para penyelundup mungkin akan terbiasa, tetapi pallet sempit kereta kuda untuk berdagang tidak biasa dinaiki itu bagi abel yang akan melakukan perkemahan pengintaian bisa dikatakan tidak nyaman. Oleh karenanya aku bertanya-tanya.<br>
Abel bearada di dalam mimpi buruk di masa lalu yang tidak ingin diingatnya -------. «Bagaimana bisa terjadi, Aku biarkan pukulan terakhir itu terjadi!»<br>
Mata merah adalah untuk mengantisipasi Abel. Itu mata kegilaan pencari kekuatan.<br>
Tanpa mengganggu satu napas, Abel bersiap menarik pedang.<br>
«Kemenanganku jelas. Selain itu, Nicholas akan menjadi<br>
pendekar yang kuat jika berlatih sebelumnya»<br>
«bagi manusia, ada hal yang dapat diperoleh dan ada pula yang tidak dapat diperoleh. Pada saat yang sama, tidak mungkin bagi orang untuk memilih, Bahkan jika dipilih misalnya, itu tidak melebihi apa yang diyakinin saat sudah dipilihnya»<br>
Suara memicu baju besi seremonial berdering, ayah - Oswald Townsend mendekat.<br>
Sebelum pertandingan, Oswald mengatakan, ini adalah pertarungan resmi.<br>
Anda mungkin ingin mengatakan secara implisit, dan merupakan game yang menentukan bagi penerus pelatih anggar yang  sah dari Rubiona Raya aristokrat Fonderato itu. «pendekar itu siapa? Kekuatannya seperti apa?»<br>
Abel  menarik keluar pedang lagi  yang telah ia berikan pada sarungnya<br>
, Oswald bertindak tangan dengan kekerasan. «Aku akan mendapatkannya tanpa memilih, itulah kekuatannya!»  «A', ayah ...!?»<br>
Abel mengayunkan pedang ke bawah untuk Nicholas yang terbaring jatuh. Tidak, aku tidak mengayunkannya. «Argh!?»<br>
Darah segar menyembur cepat dari celah baju kulit dan pedang tebal yang ditindik. Apa kutukan kepada semua orang Itu jelas. «Dan, tolong hentikan ayah! Nicholas, saudaraku akan mati!»<br>
«Persis, Nicholas tidak mendapatkan jalan! Yang Lemah pasti mati!» ! Abel!  Kau akan menjadi pemain pedang!»<br>
Kau dapat merasakan senyapnya lampu jiwa saudaraku  di tangan yang telah menggenggam pedang. Namun, tangan itu ditekan oleh tangan ayah dan tidak bisa melarikan diri. Tubuh saudaranya yang mengalami kram hingga  tak dapat bergerak. «hentikan, tolong hentikaaaaaaaaaaaaaaaaaaaaaan!»<br>
Dalam sekejap, kekuatan tak terduga keluar. Hingga gerakan tangan ayahnya yang ditekan mengayunkan pedang ke dalam injakan dalam sesaat. Oswald adalah pendekar dari perdana menteri kerajaan yang menghindarkan dirinya dari serangan pembunuh dimana seorang ahlipun tak dapat mengelak darinya<br>
«Ha ha ha,  kukatakan padamu abel. Kau adalah  Abel yang lebih kuat. Ikutilah jejak langkaah ku ! «waaaaaaaaaaaaaaa!»<br>
Di dalam diri Abel, suara ayah tidak terdengar lagi.  Kukan bunuh Pria ini ---.<br>
Yang hanya dalam pikiran adalah itu,  lalu pedang digenggam. Di dalam gelap yang dibalut warna putih itu, aku hanya melihat «musuh» itu mengenakan baju besi perak.<br>
Berapa banyak waktu yang telah berlalu, puluhan menit atau beberapa menit. Mungkin juga telah berjuang beberapa jam lamanya.<br>
Itu keadaan nyaris berdiri Abel berdiri untuk menopang pedang lagi, baik kaki maupun lengannya.<br>
Tubuhnya penuh dengan luka, bahkan masih ada darah yang mengalir keluar  dari tubuh itu.<br>
Aku bisa mengumpulkan darah di depan mata. Berbaring di dalamnya adalah seorang ayah.<br>
terdapat mayat saudaranya sampingnya.<br>
Oh, aku  telah membunuh. Dan, Abel berpikir kosong di kepala yang telah lumpuh.<br>
Perlahan-lahan, Abel terjaga. Seperti biasa gemeretak kereta pallet  yang bergerak keras menyadarkan kesadarannya dengan cepat.<br>
Bersyukur Isi mimpi belum memudar, dan masih teringat dengan jelas.<br>
Dan «aku gelisah, tidak biasa, apa yang telah dilakukan?»<br>
Pria yang telah mengundangnya untuk khafilah----Tampaknya menjadi pemimpin caravan  ini ---- telah bersuara.<br>
, «Oh, yang terburuk» Abel keluar dari palet sempit melompat ke padang gurun.<br>
«Hei, Hey!» «bekerja»<br>
Saat  kata-kata keluar dalam sekejap, Abel langsung mengambil pedang menghadap bagian belakang karavan. Lalu segera kawanan rakasa itu datang ke sana.<br>
　<br>
　<br>
- Fin -<br>","ch04_a.swf","3395_000"
26,1,"Tahun 3392 Kesedihan",1,"- kerajaan kota Lonsbrough -<br>
　<br>
Wanita itu berhenti bernapas di atas trotoar batu yang dingin. Dari bahu sampai bagian tengah dada wanita itu telah mengalami robek yang dalam. Darah mengalir ke bahu, dan mengalir sampai  bahu jalan.<br>
Pria yang berdiri di sampingnya menatap wajah wanita itu. Darah pada  bibir di wajah yang pucat dari seorang wanita itu bersinar sangat terang bahkan dalam cahaya redup.<br>
Pria itu berdiri di sana untuk sementara waktu.<br>
Aku tidak tahu ekspresi wajah apa yang yang tersembunyi di balik jubah dan kerudung hitam.<br>
Waktu kota berlalu seperti itu. Tidak ada cahaya bulan.<br>
Akhirnya, pria jubah hitam itu menghilang dari tempat sebagai arwah.<br>
　<br>
　<br>
- Benteng Blown Hyde  -<br>
　<br>
«Jadi?»<br>
Kata-kata pengeran membuat udara berubah menjadi beku. Ekspresi Grunwald, yang duduk di atas takhta singgasana tak  menampakan emosi apa-apa.<br>
«Mengingat peristiwa di dalam ibukota, bagi  masyarakat itu sudah sangat mencemaskan. Lebih lanjut silahkan....»<br>
Tuan Gayus yang telah menjabat pada keluarga kerajaan sebagai generasi yang setia mengalami kemacetan dalam kata-kata.<br>
Senang rasanya untuk mengatakan peristiwa yang belum pernah terjadi sebelumnya.<br>
Dalam kerajaan Lonsbrough, pangeran muda Grunwald ini telah memerintah negara pengganti raja tua yang berada di tempat tidur orang sakit.<br>
Pengikut pangeran yang mengabdi pada penguasa ingin menghentikan pembunuhan di dalam ibukota dalam pangeran barel berdaulat.<br>
Selain Grunwald pada awal kerajaan, ada seorang saudara mengabdi pada pewaris tahta, tetapi keduanya dari mereka itu mengalami kematian dini.<br>
Grunwald ia telah diusir disebabkan ketidaksayangan raja terhadapnya, tetapi ia telah kembali beberapa tahun yang lalu.<br>
Juga alasan pengusirannya itu  adalah oleh karena karakter dan perilakunya anehnya. Sejak kecil mengumpulkan hewan mati, lalu menimbunnya dalam tanah.  Mengeluarkan tulanganya, dan dibuat hiasan untuk ruangan. Ku menginginkan jasad tahanan hukuman mati<br>
Para pengasuh anak yang telah mengutuk seorang pangeran seperti itu saling memberi rumor bahwa tak satupun dari mereka yang ingin merawatnya. Juga disalahkan tindakan mereka kepada raja dan saudara, perilaku yang aneh sama sekali tidak diperbaiki.<br>
Lalu saat ia berumur empat belas ditemukan puluhan mayat,  dan mayat itu dibunuhnya dari ruang benteng bawah tanah, lalu ia itu diusir dari kerajaan.<br>
«Tentang hal ini, aku akan melaporkannya selalu  kepada raja»<br>
Gayus mengatakan kepada  sang pangeran untuk memeras. Gayus menyerah. Pangeran ini bahwa ia sama sekali tidak berubah dengan saat ia diusir.<br>
Ketika diusir, raja meminta Grunwald berkali-kali. Mengapa membunuh, mengapa mereka ingin meniru.<br>
Aku tidak mencoba untuk menjawab semua saat itu juga. Raja putus asa di dalam kondisi seperti itu, dan terpaksa memecat dia. «Apakah ini jalan yang benar?»<br>
Aku masuk sementara dalam situasi stres yang tinggi, pria itu bernama Rofen Anda telah bekerja pada waktu yang lama sebagai seorang sarjana di pengadilan<br>
Umurnya lebih dari delapan puluh, orang tua yang sudah uzur tetapi kearifannya itu<br>
menyisakan saat-saat dimana  ia masih menjadi guru teknik terkenal di wilayah barat.<br>
«Kami kelompok pengikut merasa  gelisah. Kami menyampaikan tolong tiruan abstrak dihormati»<br>
Orang tua yang telah bekerja dari raja yang memiliki generasi masa depan yang jauh, diijinkan untuk berpendapat yang berbeda dengan pengikut lainnya.<br>
«Rumor bahwa Guranderenia telah  memberi tentara sampai saat ini sudah sampai. Jika saatnya perang mendekat, berbagai siasat  harus dimiliki di seluruh negeri»<br>
«Sekarang adalah waktu untuk perubahan. Dunia dibebaskan dari penindasan kekacauan, tiap negara tengah memajukan alat tempur dan membagi tanah lagi. Peperangan yang akan selalu menelan kerajaan ini»<br>
Rofen menjaga nafas, berkata sambil melihat sekeliling para pengikut.<br>
«Harap mengerti perasaan mereka yang memikirkan negara». Para pengikut lainnya tuan gayus yang tak tahan melihat keadaan pangeran tidak berubah meskipun telah mendengar kata-kata pengikut tua teleh mengundurkan diri dari depan tahta sementara tidak menyembunyikan ekspresi wajah dan kecewa.<br>
Rofen di sisa terakhir, mengeluarkan kata yang tidak melelahkan, bahkan gumaman.<br>
«Baik dan buruk, dalam hari yang cerah nyaman bila mendapat kejelasan»<br>
　<br>
　<br>
- jalan yang gelap -<br>
　<br>
Dan dari benteng, Grunwald pergi ke kota kastil setelah tengah malam.<br>
Ada banyak di kastil ini jalan yang hanya dia yang tahu. Dia lebih tahu dari siapa  tentang kastil tua. Bagi dia yang kesepian pada masa kecilnya, ruang bawah tanah dan bagian tersembunyi dari kastil tua adalah tempat yang paling damai dibandingkan dengan semua yang ada.<br>
Udara lembab malam memasuki paru-paru, Grunwald merasakan sakitnya atas keinginannya itu. Setelah mencoba lembut dan menyenangkannya lidah dari rasa keinginan setelah saat –saat meimoku, menutupi kap mantel.<br>
Jika brothel dan bar berkumpul datang hingga jalanan, melihat jalanan sambil bersandar di dinding dalam bayangan gang. Itu pelacur dan temannya yang mabuk jalan melewati di depan dia.<br>
Namun, tak seorang pun memperhatikan dirinya. Grunwald sedang menunggu waktu tenang. Aku melihat seorang wanita keluar dari bar kiri jalan, akan masuk ke gang di sisi lain. Grunwald juga pergi ke lorong untuk mengikutinya perlahan. Dari jalan yang terkenal, wanita itu pergi ke jalan yang langka dan lampu kota.<br>
Hitam bayangan mendekati ke wanita yang melanjutkan perjalanannya. Perempuan belum menyadari. Saat itu bayangan berusaha berada di belakang wanita itu, bayangan dan bayangan bertemu. Pedang jatuh ke tanah.<br>
Wanita itu lari dan berteriak. Saat berdiri Grunwald mencabut pedang. Pria yang berusaha mempengaruhi seorang wanita itu mengambil jarak untuk mencegah pedang dua. Seikakko dari pria itu sangat mirip dengan Pangeran Hitam.<br>
«Pencarian»<br>
Seorang laki-laki tampaknya menyadari lawan akan menjadi seorang pangeran. Seorang yang telah membela diri berusaha untuk bertaruh jari pada tombol jaket. Dari sikap dan tubuhnya dimengerti bahwa  pria itu ahli.<br>
Mengeluarkan kata «Omoiukabero sebelum disconnect» Grunwald seolah mencegah.<br>
«Apa yang Anda inginkan?»<br>
Membalik jasnya, mengabaikan pertanyaan aneh Prince, pria menarik keluar pistol...<br>
Grunwald  «Muncul  sebelum disconnect» Mengeluarkan kata-kata seolah mencegah, «Apa yang kau inginkan?»<br>
Membalik jasnya, mengabaikan pertanyaan aneh pangeran, pria itu menarik keluar pistol.<br>
Flash, leher pria itu ditembak jatuh. Tubuh seorang pria jatuh sambil memegang pistol. Darah segar membasahi tanah. Sesaat, senyum muncul di wajah Grunwald.<br>
Kesunyian kota di malam hari juga menyebar. Grunwald berdiri dan membalutkan mantel ke leher pria itu.<br>
　<br>
　<br>
- Ruang Basement -<br>
　<br>
Cahaya memancar dari pintu. Grunwald membuka pintu dengan kuat. Ada sosok Rofen duduk dikelilingi oleh mesin aneh di sana. Orang bijak tua itu mendongakan kepalanya dari kaca pembesar raksasa yang tengah dicarinya.<br>
«Yang Mulia, ini adalah kunjungan mendadak», «ada sesuatu yang ingin Anda dengar dari orang ini»<br>
Di atas meja yang berantakan dengan peralatan tua dan kulit yang aneh, Grunwald menempatkan kepalanya sembarangan. «ini sudah tua. Apakah akan dialkukannya lagi»<br>
Animasi yang dahsyat  bersarang di mata Rofen.<br>
«Ini bukan percobaan untuk Anda. Orang Ini adalah pelaku kejahatan pembunuhan yang terjadi di istana»<br>
«Hukum, dibuat cukup. Anda dan dia tidak pernah melakukannya. ini diluar perkiraan,«orang tua itu berdiri perlahan.»<br>
«Lelucon  bodoh. Leher busuk»<br>
«Kita tahu tanpa bicara. Sekarang, itu ditutup ke tempat mana.....»<br>
Sambil mendorong kamar yang berderet mesin aneh dan buku-buku yang menumpuk. Rofen meninggalkan ke belakang. Grunwald  duduk memukul kosong dari sofa yang berubah menjadi gudang.<br>
Kemudian kontemplasi yang bagaimana untuk menyelesaikan keseluruhan ceritanya<br>
　<br>
　<br>
- Fin -<br>","ch03_a.swf","3392_001"
16,1,"Tahun 3396 Dog Eat Dog",1,"Isaac telah menembak kepala seorang pria yang tengah duduk.<br>
Peluru yang ditembakan ke bagian belakang kepala membuatnya berdarah, darah mengalir di sekitar ruangan, darah itu telah menjadi kabut merah.<br>
Sikap menarik keluar pistol Isaac , sampai-sampai tidak menyadari Evaristo telah berhadapan dengan seorang pria. Seorang pria sedang duduk menyilang depan meja mengatakan bahwaia itu adalah dari utusan Shidoru Shogun.<br>
Malam pun telah larut, tetapi itu dikatakan pembicaraan singkat, warga sipil sudah pasti diundang masuk ke kamar untuk mendengar cerita.<br>
Isaac yang «termotivasi» ini sambil bergumam telah menurunkan pria itu dari kursinya.<br>
Aku menemukan bahan peledak tinggi dan memamerkan mantel yang telah melilit tubuh. Itu adalah jumlah yang cukup untuk meledakan tiap kamar.<br>
Isaac mepaskan detonator ketika akan mengaktifkan bahan peledak dari manusia, Isaac ditempatkan di sisi meja dengan cara begitu saja.<br>
«Kapan tersadar?» Evaristo sambil duduk di kursi mendengarnya. Ini adalah sebelum bahan peledak dan mayat, tetapi itu merupakan nada yang tenang.<br>
«Apakah terasa bau. Bau bahan peledak sintetis itu terlalu unik»<br>
Evaristo duduk kursi dangkal, aku mencari tangan bahan peledak yang ditempatkan di meja.<br>
Isaac sedang mencari senter dari pembunuh ini.<br>
Untuk melanjutkan ancaman bom di wilayah hidup banyak umum, ada risiko yang cukup besar bagi sisi si pembunuh.<br>
«Ini bicara berbahaya» «sungguh benar. Idenya apa?» «Saana»<br>
Aku menjawab, dengan nada seolah-olah mengatakan juga lelucon ringan. Ketika hanya berdua dengan Isaac , Evaristo telah dirobohkan oleh sikapnya sehari-hari.<br>
«Ini adalah pikiran yang mengganggu»<br>
Isaac juga berkata sambil mencari pria itu.<br>
Bahwa yang seperti ini, aku tahu dari sebelumnya bagi Isaac . Perjuangan di dalam Imperial di telah meningkat. Itu karena mereka bertanggung jawab sampai akhir.<br>
Kekaisaran sekarang telah memisahkan dan memperluas Shidoru Shogun yang merupakan panglima perang,membagi kelompok kontrol yang dibuat oleh para politisi terkemuka dan sekretaris Kandun dari tentara Politbiro Imperial.<br>
Untuk memperluas kelompok jenderal untuk memperluas perang tanpa henti, termasuk rekonsiliasi dengan Rubiona, konfrontasi dari dua kelompok kontrol yang berpikir untuk mempioritaskan stabilitas domestik<br>
Namun, meskipun sumbu konflik seperti demikian, tetapi sebagian besar dari kelompok kontrol adalah politisi yang memiliki kekuatan di «masa senja», dengan sisi panglima perang yang diperbesar oleh perang yang berkelanjutan, kekuatan murni perang tak akan terlewatkan.<br>
Dalam sumbu konflik tersebut, Evaristo telah muncul sebagai perwira muda Shidoru shogun. Evaristo adalah Jenderal tua yang memiliki gairah untuk berekspansi secara liar, muda dan dingin yang mendukung di belakangnya, itu berfungsi sebagai dua roda aliran ekspansi.<br>
Yang telah mengeleminasi hal-hal yang mengganggu jalan dua roda itu dalam bayangan adalah Isaac<br>
Pertama, Di antara kelompok kontrol politisi, beberapa orang tiba-tiba menghilang. Itu tanpa meninggalkan bukti yang menggunakan aksinya dengan tangan. kenyataan ini bagi kelompok kontrol adalah menakutkan.<br>
Untuk pertama kalinya, para politisi yang tinggal lama di dunia yang tertutup, mengetahui bahwa datangnya masa perjuangan dan masa ekspansi itu. Para Evaristo terus menambahkan dentuman sebelum munculnya aksi dari pihak lain. Hal itu sama meskipun berbeda dengan musuh asing, meski terdapat lawan politik di dalamnya.<br>
Isaac tidak merasakan apa-apa untuk pekerjaan yang kotor ini. Isaac dan Evaristo berdua ingin agar mereka sendiri berada di tengah-tengah dunia perjuangan.<br>
Secara khusus, Isaac menikmati sensasi tempat tersebut. Pertempuran antara panglima perang juga melawan tentara musuh di medan perang, keduanya sama dengan Isaac dalam hal «perjuangan».<br>
Faksi ekspansi dipimpin oleh Jenderal Shidoru di Imperial yang bangga dengan kekuasaannya sekarang. Namun, sudah terasa tidak akan pergi lagi dengan alasan didiamkan  faksi kontrol.<br>
Keesokan harinya, Isaac mengirimkan evarist ke perbatasan, isaac kembali ke rumah setelah menarik dan menyerahkan dia ke dalam pasukan . Karena itu perlu penyelesaian untuk laki-laki itu yang telah membunuh. Kepala polisi itu tidak pergi untuk alasan yang dipercaya karena mitra melawan musuh.<br>
Menyampaikan informasi buruk itu bukan ide yang baik. Meskipun pekerjaan membosankan, tetapi tetap harus peduli. Bila Anda meletakkan mantel kembali ke museum, itu dibungkus dalam suara dan flash.<br>
Isaac yang me «Switching» dirinya sendiri. Asap dan cahaya terjadi di sekelilingnya secara perlahan.<br>
Dalam ruangan itu, sambil mengamati arah asap, berhadapan dengan cepat, Isaac menarik pistol. Empat Orang bersenjata Polisi Militer dari arah asap masuk ke dalam ruangan.<br>
Isaac menurunkan rendah pistol sekali, lalu kembali ke perasaan waktu normal.<br>
Dari balik polisi militer dari posisi sikap sub machine gun, seorang pria mengenakan seragam Politbiro muncul keluar. Dalam nama melindungi kesetiaan kepada kaisar, anggota politbiro itu memiliki kekuatan besar dalam tentara dalam kekaisaran.<br>
«Kapten Rosubarudo, aku ingin menemani Anda», kata pria itu tanpa ekspresi.<br>
Kondisi Kondisinya normal alami. «Aku tidak punya alasan untuk pergi ya»<br>
«Kasus bahan peledak dan mayat di kamar mandi, kapten. harus ditemani. menjalani proses interogasi. Dicurigai berkhianat»<br>
Isaac segera mengerti bahwa insiden kemarin merupakan bagian dari skenario lawan.<br>
«Jika seandainya menolak?»<br>
«Ini adalah keputusan Politbiro. Jika bertahan, segera itu dianggap sebagai pengkhianatan kepada Kaisar,« pengkhianatankah. .....menarik»<br>
Kata Isaac dengan senyum yang aneh «?»<br>
Di wajah petugas yang tanpa ekspresi itu muncul ekspresi bingung saat kata-kata diluar perkiraan itu muncul.<br>
Isaac telah merubah dunia. Aku merasa seperti bahwa dunia menjadi gelap sesaat, namun segera kembali pulih. Aku bergegas ke dunia yang tak terlihat oleh tentara biasanya.<br>
Diisi dengan Jangkauan dalam sekejap, Berdiri di samping anggota politbiro, Anda akan dengan menggenggam lengan diputar. Lalu lengan itu ditarik keluar paksa.<br>
Anggota politbiro yang rusak dan masih hidup seolah-olah seperti boneka yang menari di udara tanpa tenaga. Tubuh itu terbanting ke polisi militer yang bersenjata.<br>
Dari penglihatan para polisi militer, anggota politbiro yang mengalami tubuh robek dalam sekejap. Persepsi mereka membeku pada peristiwa yang tidak terduga. Kekuatan dan kecepatan luar biasa. Dalam ruang sempit, pedang menari-nari menunggu tetesan darah lagi.<br>
Lengan polisi militer yang memiliki senapan mesin jatuh satu demi satu. Seolah-olah seperti seorang anak yang bermain dengan kaki serangga, dengan sengaja pergi agar tidak kematian instan pada polisi militer secara sengaja. Dan di wajah, senyum masih mengapung.<br>
Beberapa menit kemudian, Isaac berdiri di dalam genangan darah.<br>
Para pria yang tenggelam dalam genangan darah adalah semuanya telah berhenti bernafas. Itu mengerikan bagaimana mereka tewas.Isaac pergi ke kamar mandi. Dan bertengger di bath tub dimana mayat itu berkumpul, aku menyeka darah dari sepatu dengan hati-hati.<br>
Kemudian menarik napas perlahan dan menatap langit. Malam telah datang. Suara deru berbunyi di Kota Imperial.<br>
Rumah Evaristo terbakar, menyinari merah kanopi imperial. keributan yang mulai ledakan di pusat Kota Imperial dengan banyak kedutaan, berlangsung sampai tengah malam.<br>
Namun, tidak menjadi berita headline koran di hari berikutnya, sebab kabar yang menyatakan bahwa misteri kematian sekretaris Kandou terebut sudah masuk berita.<br>
　<br>
　<br>
- Fin -<br>","ch02_a.swf","3396_000"
66,1,"Tahun 3390 Ibu",1,"Jead duduk di lantai, menatap wajah ibu yang tengah lesu. Darah melumuri lantai. Di mulut wajah berlumuran darah hitam, terlihat ada senyuman lega.<br>
«lakukan dengan cepat! Dasar orang bodoh!»<br>
Jead terkaget dengan ibunya yang meringis mengguncang tubuh. Pergi ke sumur untuk menimba air. Musim dingin.<br>
Tadi malam ia harus keluar, ibu dari Jead memukulnya dengan keji pada saat dia berumur tujuh tahun.<br>
Terasa sakit dari luka kepala yang membengkak, ia merasa seperti mereda sedikit ketika terkena dingin di luar itu.<br>
Tidak ada makanan yang masuk ke mulut lebih dari seminggu. ia pergi ke lapangan mengambil air dari kotadengan rasa pusing di kepala.<br>
DI pembukaan musim dingin, tidak ada seorangpun yang tersisa di lahan tempat mengambil air.<br>
Jead tidak lagi berdiri mengantuk, dia duduk di tanah dengan menempatkan ember untuk menaruh air. Tak ada sisa tenaga untuk mengangkutnya. Pikirannya sudah jauh.<br>
Jead terbangun karena ada tanda kehidupan orang-orang. Yang tercermin di mata yang kabur itua adalah seorang wanita tua seperti hantu.<br>
«Karma»<br>
Wanita tua itu menunjukan jari telunjuk kepada Jead sambil berkata begitu. Seandainya ada tenaga tersisa ingin rasanya menghilangkan jari wanita tua yang berperangai buruk itu, tetapi di dalam jed saat ini adalah memastikan apakah wanita tua itu benar-benar berada di tempat ini. Dimana diri kita sendiri berada, tak mengerti kenyataan ataukah mimpi untuk jed sekarang ini.<br>
Dan ia menutup mata lagi.<br>
Jika mata dibuka, tidak ada seorang pun di sekitar. Bangun perlahan, menarik ember yang berisi air lalu pergi kembali ke rumah.<br>
Menguras tenaga, sementara hampir kehilangan kesadaran, ia memasuki ruangan dan bersandar di pintu rumah.<br>
Di sana ibu berdiri. Menyambar ember dari tangan Jead yang mencoba memberikan air, wanita itu tendangan Jead hingga terjatuh.Tubuh yang kecil itu bersender ke pintu tanpa daya.<br>
«Ini terlambat. ini benar-benar tak berguna! . tidak ada makanan buat orang yang tak berguna sepertimu!»<br>
Jead telah menerima penganiayaan yang kasar, sambil meangkak berdiri ia berkata<br>
«Maafkan aku, Bu ......»<br>
Ia tak dapat menengadahkan muka. Ia tak dapat melihat wajah ibu yang marah.<br>
«Minta maaf buat apa. Kalo sudah buruk. Tetap sikap itu akan tetap buruk!»<br>
Ibu membuka pintu, dan dengan menggenggam lengan jed ia melemparkannya ke luar. «Jangan menyesal sana!»<br>
Ia meludah, sesaat setelah selesai berkata-kata kemudian ia menutup pintu..<br>
Jead perlahan menegadahkan wajahnya yang telah mengenai tanah yang dingin. Tak tahan terasa dingginnya.<br>
Iapun pergi merangkak kembali ke arah pintu, ia menekan tombol, tapi pintu tidak dibuka.<br>
Kelelahan karena telah mencoba dua sampai tiga kali, Jead duduk.<br>
Gemetarpada tangan dan tubuh sudah tak terbendung. Ia membungkuk dengan lutut.<br>
Seperti biasa pada saat seperti ini, Jead ingat masa lalu. Sebelum ayahnya masih hidup sebelumnya ibu tidak seperti ini.<br>
Dalam kenangan mereka, Jead sedang berjalan di pasar ditarik tangannya oleh kedua orangtuanya. Ia tidak lagi mengingat wajah ayahnya lagi.<br>
Namun, itu hanya mengingat sentuhan tangan yang besar. Buah berwarna-warni menghiasi pasar terasa sangat jelas.<br>
Ayah dalam bayangannya adalah yang mendekap dirinya, yang memberikan buah yang disukai. Jead memilih salah satu peach kecil merah favoritnya, Jead diraih tangannya. Ibu dan ayah tersenyum bahagia.<br>
Ia merasakan kehangatan yang tiba-tiba, Jead masih berbaring seperti itu.<br>
Hujan yang dingin setelah beberapa saat hujan. Lalu lintas pejalan kaki jarang berada di daerah kumuh yang mengalami reruntuhan terus menerus. Bahkan Tidak ada yang menyadari jika ada anak yang meninggal di depan rumah.<br>
Jead terbangun. Kamar nampak gelap, itu seperti masih tengah malam. Rasa lapar dan pandangan mata yang membosankan. Tetapi terdapat perasaan aneh yang tersisa. Merasa seolah-olah ia sedang tidur di luar yang dingin sampai saat ini, sekarang, ia sudah merasakan tubuhnya. Terasa ada kesia-siaan yang ganas.<br>
Pada awalnya ia memikirkan rasa sakit atau luka kepala, tetapi itu tidak terasa.<br>
Jead tidak merasakan mimpi sama sekali. Tentang hal itu, jarak antara mimpi dan kenyataan itu berdekatan letaknya. Itu masih tetap terasa ada perasaan aneh, tapi ia terbangun untuk mencari makanan ia berjalan berjalan di kamar. Aku tiba-tiba tersandung pada sebuah ember kosong.<br>
Jika air tidak dipikul. Jead akan teringat, ia menuju ke pintu dan meraih laras agar tidak menyebabkan ibu terbangun.<br>
Tapi karena itu tidak mungkin untuk berjalan langsung, Jead mengeluarkan bunti keras dan terjatuh. Ibu bangun karena suara itu.<br>
Ibu tidak menyembunyikan kemarahan karena telah mengganggu tidurnya, ia datang mendekati Jead<br>
«Ngapain kamu berisik», «Mau mencoba mencuri makanan lagi! ‘ dasar kau pencurii»<br>
Ia menginjak-injak Jead yang tengah berbaring, dan ibu menendangnya.<br>
«benar-benar tidak berguna», Kesadaranpun secara perlahan menjadi jauh.<br>
Ibu menuju pintu dan menyeret Jead. Jead lagi-lagi dilempar keluar dari gang kumuh nan bersalju. tidak ada cahaya di tempat itu.<br>
Jead terbangun di tempat tidur. Di luar masih gelap. Ia sadar jelas rasa impiannya saat ini. Itu adalah malam yang sama.<br>
Hal kejadian seperti itu berulang sepanjang waktu. Air mata keluar saat membayangkan ia disakiti ibunya. Jika mata berada di ruangan gelap, ember itu bisa masuk ke mata.<br>
Jika setidaknya air itu dipanggul, rasa sakit yang tersisa di badan akan terasa. Di dalam bak mandi itu kosong. Tak ada tenaga, aku duduk dekat bak mandi.<br>
Ia melihat ke dalam bak mandi lagi. Ketika melihat ember kosong, Jead merasa perasaan lain dari timbul. Yakni, kemarahan.<br>
Kemarahan bahwa bak mandi itu kosong. Kemarahan bahwa yang dipikul adalah air. Kemarahan karena ibu melakukan kekerasan.<br>
Peristiwa di sekitarnya, bagai ledakan, bereaksi dan berantai semua.<br>
Menggigil, rasa tak berarti muncul.<br>
Kepala dipenuhi dengan perasaan tidak nyaman jika tidak melakukan sesuatu.<br>
Ia pergi ke dekat ibu tidur di tempat tidur di sudut ruangan.<br>
Jead merasa suara debar jantungnya terdengar oleh dia. lalu ia membayangkan sentuhan tanah yang dingin dan kekerasan yang disentuh dia yang sudah terbangun. Bayangan rasa sakit itu berubah frustasi, dan telah memotivasi Jead.<br>
Ia mengambil sebotol minuman keras yang berada di meja. Lalu ada guncangan besar. Sehingga ia mengayunkannya jatuh ke kepala ibu. Membuat keluar suara membosankan dari ibu dan juga suara napas ibu. Aku mengayun turunkan lagi.Aku menjatuhkan botol minuman keras di kepala ibu berkali-kali. Tak lama nafas ibu berhenti.<br>
Terdapat gumpalan darah hitam di tempat tidur.<br>
Pagi hari, Jead terbangun dalam cahaya menunjuk dari jendela. Itu adalah pagi yang tenang.<br>
Tak ada rasa nyeri ataupun rasa kesia-siaan. Aku bahkan tidak merasa lapar.<br>
Malam yang panjang tampak telah lewat.<br>
Jead berdiri, mengambil panci dari lemari, lalu mengambil makanan sendiri.<br>
lalu ia mengumpulkan barang yang dibutuhkan dari kamar, ia tempatkan dalam tas.<br>
Setelah memeriksa tempat tidur noda hitam hanya sekali saja, anak itu meninggalkan rumah.<br>
cahaya dunia luar itu menyilaukan, tapi aku merasa sangat hangat.<br>
　<br>
　<br>
- Fin -<br>","ch07_a.swf","3390_010"
56,1,"Tahun 3394 Impian dan Fantasi",1,"Dalam keheningan ruang, hanya suara halaman balik yang terdengar. itu juga mirip dengan suara vokal bernyanyi, namun telah menutupi perasaan yang mengganggu dan sedikit rasa tidak sabar.<br>
«Ini juga berbeda .... Anda tidak tahu ...... juga berbeda dari «mimpi» manapun»<br>
Rambut kecokelatan sampai bahu itu berayun, Kronig itu bergumam kepada siapa pun.<br>
Setelah meletakan buku yang dipegang di atas tumpukan buku menumpuk di sekelilingnya, lalu  mengambil sebuah buku baru dari tumpukan lain. Hanya suara tidak teratur berhamburan lagi terdengar di perpustakaan<br>
Awalnya, didalam guru teknik ((engineer)) pun ada bagian khusus yang hanya bisa masuk guru teknik canggih ((teknokrat)) yang  disebut juga pejabat tinggi.Perpustakaan ini<br>
ditempatkan di satu gambar tersebut, tidak hanya dokumen teknik yang berkaitan dengan ((automata)) mesin otomatis tetapi juga pengelolaan peninggalan era masa lalu yang disebut jaman keemasan .<br>
Dalam artian tertentu, dapat dikatakan sumber pengetahuan tentang Pandemonium modal konduktif.<br>
Diletakan di atas tumpukan yang sama dengan buku sebelumnya yang telah berbalik halaman di pangkuannya, Kronig akan menyerahkan sebuah buku baru lagi. «Atau buku yang terkait dengan psikosis»<br>
Perawatan tidak berkembang banyak, tapi petunjuk dari sesuatu dapat diperoleh, buku yang telah diekstraksi dari rak buku sebelumnya.<br>
Bila telah tiba pada kesimpulan bahwa mereka yang menyelidiki apa yang terjadi pada tubuh mereka sendiri itu merupakan roh, maka bukankah itu seolah-olah seperti komedi.<br>
Saya mendistorsi tepi mulut untuk mendengus.<br>
Dan jika itu sedikit komedi, manakah yang lebih baik.<br>
Siluman yang dapat kamu lihat di setiap waktu tanpa membekukan mata<br>
Hal eksistensi kebenaran dunia, seperti bumi, langit, alam, dan aneka biologi. Itu berada didekat Kronig dari keleluasaannya. Awalnya adalah «mimpi».<br>
Harus saya katakan, saya pikir «mimpi» kami, tidak ada.<br>
Jika anda menutup mata Anda ke tempat tidur, dunia selalu muncul di depan mata mereka Kronig.<br>
Hitam dan putih melonjak seiring dengan membengkak. Cair misteri - dan bahkan diragukan apakah cairan Waves - adalah, hilang dengan memukul-mukul sesuatu, tampaknya tertarik.<br>
Ini adalah orang-orang dan mengabdikan mata. Tubuh manusia yang tidak bekerja, hanyut di laut bersinar.<br>
Jika Anda melakukan mata di cakrawala, organisme dengan sirip punggung besar keluar dari laut hitam-putih. Sementara menyembunyikan keseluruhan di laut, organisme ...... yang datang dekat dengan tempat ini.<br>
Jadi Kronig bangun.<br>
Keringat dingin membasahi dahi, rambut terasa tidak nyaman. Jantung berdebar seperti palu.<br>
Aku bertanya-tanya apa yang disebut «mimpi» itu, mungkin semua menjawab seperti ini.<br>
Namun, bersamaan dengan pertumbuhan, kini bisa mengingat perbedaan rasa antara «impian» diri dengan dan «mimpi» yang dikatakan orang. Ketidaknyamanan itu hanya sedikit perbedaan pada kenaikan pertama, secara bertahap, dan sekarang di usia puluhan, bisa dikatakan lebih yakin lagi.<br>
«Mimpi» yang bisa dilihat sendiri tidak bisa menjadi «mimpi» yang dilihat orang lain.<br>
Kronig dalam pengalaman «mimpi» nya mengatakan bahwa pemandangan yang terlihat akan selalu berbeda. Meski Anda tidak dapat selalu mengatakan hal yang berbeda, tetapi setidaknya tidak pernah melihat «mimpi» yang sama.<br>
Umumnya «mimpi» itu adalah, pandangan yang seharusnya bagi mereka itu adalah tidak nyata.<br>
Pemandangan yang tidak terbayangkan di dunia ini. Makhluk hidup yang jauh dari ekosistem. Dunia dengan rasa dan bau serta warna dan suara yang mustahil adanya.<br>
Dan membenci lebih dari apa pun bagi Kronig sendiri di dunia itu adalah tidak ada. Sebagai pengamat «Mimpi» itu diproyeksikan dalam perspektif yang tidak memiliki kebebasan. Meskipun ada rasa realitas yang tampaknya menyentuh, diri saya sebagai penonton tidak memiliki tangan untuk menyentuh. Hal ini tidak bisa terlepas dari pememahaman bahkan rasa dan bau udara dari suatu organismepun akan dirasa jelas, dan kadang-kadang mengganggu pemandangan.<br>
Seolah-olah Kronig sendiri seperti sudah menyatu dengan dunia.<br>
Jika mata ditutup, «mimpi» akan datang menghampiri. Tanpa disadari, Kronig takut akan malam. Namun, «mimpi» itu tidak hanya bertengger di malam hari.<br>
Hari-hari kronig mulai terkikis secara bertahap.<br>
.Tiba-tiba, bumi warna pelangi tampak gelap di ruangan. Permukaan laut menyebar saat mata ditutup. Pada dinding bangunan, tergambar padang rumput aneh berwarna ungu melambaikan dengan tertiup angin<br>
Penglihatan halusinasi liar tersebut, dapt dilenyapkan atau diabaikan. Namun, frekuensi kejadian terus meningkat, Kronig sendiri sadar akan egonya, jika tidak tidak fokus maka  selamanya menjadi terus ada.<br>
Dalam studi ayah sering membuka rumah dengan bekerja, ayah menemukan kunci pas untuk rekayasa maju dalam «teknokrat»..<br>
Di dalam perpustakaan yang masuk adalah perekayasa senior «teknokrat», pernah terdengar cerita pengetahuan yang terkubur tentang bidang teknologi , kedokteran, dan sejarah pada era era lama «Twilight Age».<br>
«Jika Anda pergi ke perpustakaan itu, Anda mungkin memahami karakter sebenarnya dari halusinasi ini»<br>
Dengan membungkus sedikit harapan, Kronig menyelinap ke bagian khusus praktisi senior «teknokrat»<br>
Meskipun bagian praktisi khusus teknik senior «teknokrat», perpustakaannya berada dalam posisi yang jauh dari lokasi fasilitas penelitian<br>
Keamanannya adalah baik, begitu pula keamanan untuk mesin otomatis «automata» adalah seperti bergerak sebagai partisi lain. Pertama-tama rekayasa senior di «teknokrat» yang akan diperoleh pengetahuan dalam hal ini atau kurang, tidak ada tanda-tanda kehidupan di dalam perpustakaan. Hal ini tidak digunakan untuk waktu yang lama, bahkan ada di mana debu diendapkan samar-samar.<br>
Berapa banyak waktu yang terkewati. Saat mata diangkat, tiba-tiba dari buku teks teknis esoteris telah disebutkan dalam naskah yang rumit, Kronig dilanda perasaan aneh tiba-tiba.<br>
Hal ini mirip dengan ketika Anda melihat «mimpi», tapi sedikit berbeda<br>
Kesadarannya sudah jelas, dari atas semua, dunia «mimpi» itu tidak terlihat.<br>
Memindahkan garis pandang untuk diarahkan pada sesuatu, rak buku terbuat dari logam tertangkap mata. Pintu geser tongkat di rak buku, itu jelas berbeda dari yang lain.<br>
Setelah menurunkan buku yang dibaca ke bawah kaki, Kronig mendekat ke rak buku.<br>
«Tidak terbuka? apakah terkunci ?»<br>
Pintu tidak bisa bergerak sama sekali bahkan dengan kekuatan penuh seklipun, oleh karenanya hal yang tidak mungkin untuk melihat ke dalamnya.<br>
 - Ingin membuka.<br>
Segera setelah sadar ia untuk berpikir, perasaan aneh berlanjut dari belakang badan yang telah meluap<br>
Dalam semburan itu, teringat ilusi darah tampaknya mendidih.<br>
Tidak, itu akan ilusi khan?<br>
Aku berjalan pergi melalui tubuh Kronig setelah sakit, jijik, mual, perasaan senang ...... menjadi satu<br>
「akh」<br>
Dunia bergoyang, ketakutan seakan berada di «mimpi» saat itu naik merangkak ke bawah tulang belakang saya.<br>
Tapi yang Kronig pertahankan kesadarannya adalah berkat ketakutannya dalam daging dan kulit.<br>
 itu juga berkat ketakutan ironis. Dengan memfokuskan kesadaran dengan kesungguhan, membayangkan tempat dimana diri berada.<br>
«Aku di sini... aku di sini lho!»<br>
Berulang kali bernapas kasar untuk menyandarkan tubuh yang hampir terjatuh di rak buku. Sama seperti dari awal, ilusi perasaan telah menghilang tiba-tiba. «apa, yang sekarang adalah»<br>
Jika Anda menempatkan kekuatan di tangan yang telahmengenai rak buku dan mencoba untuk membangunkan tubuh yang miring, maka rak buku geser pintu dibuka tanpa suara<br>
aneh. Itu seharusnya telah aman terkunci ketika saya menyentuh beberapa saat yang lalu. Selain itu, pintu ini bukan berkunci elektronik, tetapi berumus kunci dengan kunci periode lama.<br>
Namun, lebih menarik rak buku sendiri dari pada pertanyaan seperti itu.<br>
«bahan penelitian...?»<br>
Rasanya seperti sebuah laporan percobaan yang usang rupanya.<br>
Dalam pandangan Kronig mencoba untuk melihat ke dalam setelah mendapatkan apa terdapat dala sebuah kasus, terdapat sesuatu yang tidak seharusnya ada----- tidak, hal-hal yang seharusnya tidak tercermin di dalamnya.<br>
Yaitu adalah pertemuan pertama dengan binatang hantu dan Kronig.<br>
　<br>
　<br>
- Fin -<br>","ch06_a.swf","3394_020"
46,1,"Tahun 3394 Tawanan",1,"Leon telah bermimpi. yaitu pemandangan nostalgianya pada padang gurun.<br>
Pada malam hari tanpa rembulan, «pusaran» –Profond- yang tampak pada cakrawala- bersinar bercampur dengan berbagai cahaya -.Anak-anak Leon yang diajak untuk caravan compang-camping itu dengan kereta kuda berguncang, menatap sesuatu cahaya yang berkilauan untuk selamanya.<br>
Manusia yang tinggal dikelelilingi benteng kota yang aman adalah pemandangan yang tidak akan terlihat sampai mati.<br>
Terpesona oleh cahaya yang menakjubkan itu. Pemandangan bagi anak-anak tentng apa yang ingin terus dilihatnya.<br>
Leon yang menggantungkan air dari kepalanya itu telah terjaga.<br>
Irama cahayanya hanyut dalam sekejap, kembali pulang karena sakit tubuhnya karena panas<br>
«bermimpi yang indah. Ku kan menghiburmu sedikit lagi»<br>
Leon berada di rantai, ia bergumam.<br>
«Jika tidak muntahkan segera, saya akan mati»<br>
Petugas mengancam dalam kondisi telah melepaskannya secara dingin.<br>
Mengingat-ngingat sudah berapa hari leon ditangkap, tapi itu tidak mungkin. Sampai hari ketiga sudah diketahui, tetapi sejak itu tidak bisa lagi.<br>
Lengan yang terantai itu merah bengkak. luka di punggung terasa sakit dan kram sesuai dengan jantung. «orang yang keras kepala»<br>
Bersamaan dengan bunyi denting udara sakit parah memukul balik.<br>
 Cambuk itu diayunkan dua, tiga kali tanpa menempatkan rambut. «Bisa mengatakan informasi yang dekat»<br>
Sambil merasakan pertanyaan petugas penyiksaan suara di kejauhan, Leon kehilangan kesadaran.<br>
Dan, teringat lagi prilaku sekali lagi perilaku Archibaldt.<br>
Leon memiliki kehidupan tanpa harapan di padang gurun.<br>
Berawal dari padang gurun sekitar Inperoda sekitar,keluarga dia adalah keluarga storm rider.<br>
Namun, setelah pergi dari dunia «pusaran», tak ada lagi para «storm rider» yang memainkan perdagangan antara kota<br>
Dunia telah berubah menjadi keselamatan. Tapi Leon merasa kehilang an tempatnya sendiri. Merasa seolah-olah seperti pelaut yang tidak lagi melaut.<br>
Kehidupan masa lalu itu kejam dan keras, tapi nyaman dan sangat baik. Untuk Diri sendiri tidak bisa hidup di masa lalu dan juga tak bisa juga hidup di masa depan, Leon frustrasi.<br>
Suatu hari dalam hidup seperti itu, Archibaldt datang ke rumah Leon yang berada di padang gurun<br>
«Sudah lama kita tak bertemu ya»<br>
Archibaldt adalah kawan seperjuangan selama resimen, dan ia adalah seorang pria yang kehadiran disebut seorang guru. Ia adalah salah satu dari beberapa pejuang yang tersisa setelah runtuhnya resimen.<br>
«Archibaldt !Kita telah hidup! Kitacemas akan kematian yang bisa sewaktu-waktu berada di suatu tempat»<br>
«Biacara kasar itu biasa. Kamupun juga, bagaimana menurutmu?»<br>
«Kamu menganggap ini mudah. Ini agak membosankan, tapi itu lebih baik daripada tinggal di kota»<br>
Leon tidak menyembunyikan sukacitanya bertemu dengan seorang sahabat setelah waktu yang lama. Archibaldt melepas topi bertepi lebar, dan meletakannya di lalu duduk di kursi.<br>
Leon menikmati percakapan dengan Archibaldt yang ramah. awalnya ia bukan orang yang suka menyendiri. Mereka berbicara tentang kawan-kawan kami dan berbicaratentang masa-masa di resimen. Itu adalahsebuah percakapan setelah waktu yang lama tidak bertemu.<br>
Ketika percakapan seperti itu akan selesai dibicarakan, Archibaldt sudah memotong subjek utama lebih dulu.«Saya datang untuk meminta Anda untuk bekerja. Yaitu menyerang kafilah.. Saya ingin meminjam tenaga Anda. Btetapi bagaimanapun jangan dilakukan dengan sendirian»<br>
«Apakah ada sesuatu hal-hal yang beresiko?»<br>
«Ini hal yang biasa. Namun, tidak sulit jika dilakukan oleh anda dan saya.» «Bisakah Anda mendengarkan dengan lebih detil lagi?»<br>
Pekerjaan yang dibicarakan Archibaldt Pekerjaan, kita bisa menyerang kafilah dengan dikirim ke Mirigadia dari Inperoda, yaitu memikul beban.<br>
Jumlah kafilah adalah lima puluh orang dari empat puluh orang, garnisun adalah tentara reguler dari Inperoda. Namun, karena mereka memiliki kebutuhan untuk membawa secara rahasia, Keamanan kamuflase, rute pun dirahasiakan.<br>
Archibaldt mengatakan telah menggenggam rute dan jadwal kafilah, dan mengatakan bahwa ada kebutuhan untuk mulai mempersiapkan sekarang.<br>
«Sudah mengerti, ayo lakukan. Tapi beritahu dulu tujuannya. Tidak masalah apakah untuk politik atau pencetakan uang, tetapi kalau benar-benar tidak mengerti itu menjadi buruk bagi saya»<br>
«tujuankah» Archibaldt mengambil nafas.<br>
«Untuk dunia,» «Jangan menipu dengan lelucon», «ini serius»<br>
Archibaldt memperbaiki pemakaian topi, lalu berdiri dari kursi.<br>
«Yang ingin dikatakan aku sudah mengerti»<br>
Leon memperlihatkan ayunan yang murung, tapi dalam ucapan dirinya akan naik. Berjuang bersama Archibaldt dari apapun. Itu berarti baginya merupakan sebuah pahala.<br>
«Karena tidak ada waktu Anda datang lagi besok, Saya akan mulai bekerja sekarang»<br>
Archibaldt pergi ke keluar.<br>
Persiapan»kerja» yang sudah berlangsung berhari-hari berjalan dengan baik. Untuk mencari daerah yang menguntungkan untuk menempatkan perangkap dari jalan, membawa bahan peledak, menyembunyikan, juga mengatur kereta kuda yang akan digunakan untuk pengalihan.<br>
Setelah itu menunggu kafilah.<br>
Membuat titik pemantauan di tempat dengan pandangan baik berjarak sedikit dari area penyergapan, menunggu untuk menyerang sampai hari berikutnya.<br>
«Apa yang akan Anda lakukan setelah Anda menyelesaikan pekerjaan ini?»<br>
Malam sebelum serangan, Leon mendengar Archibaldt .<br>
«Namun, masih ada hal yang harus dilakukan. Kalau kamu siap kita bekerjasama»<br>
«Ok, saya pikir-pikir dulu» jawab Leon.<br>
Siang hari berikutnya, kafilah muncul. tiga unit kereta kuda telah membentuk kafilah.<br>
Aku pergi mendekat untuk menjebak dengan jebakan yang ditanam secara bertahap. Archibaldt menekan saklar bahan peledak. Ledakan besar terjadi, kereta kuda berhamburan tanpa jejak.<br>
Tentara pengawal yang tersisa melompat keluar kereta yang berhenti berjalan. Leon meminjam kereta yang telah disiapkan, Leon pergi ke arah belakang pengawal kereta kuda.<br>
Tentara pengawal menembakan pistol ke arah kereta kuda leon. Leon mengelakan kereta kudanya dengan terampil. Leon terus mendekatkan ke pengangkutan barisan belakang. Diwaktu yang bersamaan, Archibaldt menghadap pengangkutan kedua yang dipenuhi muatan.<br>
Dua pistol yang dipegang Archibaldt terjatuh. Seolah-olah pelurunya sperti terkunci seperti itu, ditarik oleh kawanan prajurit.<br>
Leon melompat untuk memukul penjaga belakang gerbong kereta kuda. Saat terjadi tubrukan, pada waktu yang sama kereta kuda itu meledak.<br>
Archibaldt sebelumnya sudah menggulingkan pengawalan dari gerbong kedua. Leon langsung berdiri, setelah ledakan ia menurunkan tentara yang selamat dengan pisau di tangannya.<br>
Saat ledakan terakhir sudah cukup berlalu, suara tembakan behernti,terjadi suara pembakaran kereta yang rusak sebagian..<br>
Saat memastikan keselamatan di sekitarnya dengan hati-hati, leon mencari archibaldt.<br>
Suara Archibaldt dari dekat kereta pengangkutan kedua terdengar.<br>
«Aku di sini, leon, tolong aku.» «Aku pergi sekarang.»<br>
Sesaaat setelah maju beberapa langkah, tiba-tiba tak bisa bergerak karena jebakan .<br>
Leon tahu perasaan ini. «cukup buruk, Leon»<br>
Archibaldt mendekat dari belakang. Leon mencoba untuk memverifikasi ekspresi, tetapi tubuh tidak bergerak.<br>
Saat-saat berikutnya,setelah merasa shock berat, Leon<br>
kehilangan kesadaran.<br>
Saat terjaga, Itu adalah penjara Inperoda. Leon tertangkap oleh Inperoda militer. Tentu saja, atas tuduhan menculik barang-barang pentingnya barang-barang dan rahasia.<br>
Barang akan hilang seiring dengan Archibaldt, hanya Leon yang tersisa tertangkap, itu berada di sini.<br>
«Kau telah diabaikan. Apakah itu berarti untuk menjaga sesama seperti itu?»<br>
«Arti? Meskipun ada arti tapi ku tak akan mengatakannya kepadamu»<br>
Petugas Penyiksaan hilang dari penglihatan, kembali dengan membawa lantai panah di kedua tangan Yang mengancamdengan palu.<br>
«Sekarang, karena saya akan tidak memungkinkan Anda memukul mulut yang kurang ajar dan bodoh»<br>
Wajah petugas penyiksaan bermasker mendekat. Dibawa ke hadapan León seperti mengancam.<br>
«Membosankan tak perlu kata pengantar.Jika dilakukan ambil saja»<br>
Leon melepas ucapannya.<br>
Saat itu, pintu penjara terbuka, lalu seorang pria datang.<br>
　<br>
　<br>
- Fin -<br>","ch05_a.swf","3394_050"
7,1,"Tahun 3397 Makan Malam",1,"Pada pesta makan malam yang diadakan secara berkala di istana itu, para penguasa kerajaan seperti anggota keluarga kerajaan, politikus, dan petinggi birokrat berkumpul.<br>
Lalu, pada hari ini, para prajurit yang berprestasi bagus dalam perang pun turut diundang. Evarist dan Izac termasuk di dalamnya.<br>
Sebenarnya, pesta ini diadakan oleh para pendukung ekspansi, sebagian besar pejabat faksi kontrol tidak menghadirinya.<br>
«Bukankah ini foya-foya? Padahal kita sedang dalam masa perang!»<br>
Izac menggerutu, tapi mulutnya terus mengunyah hidangan yang tersedia.<br>
«Kapten Rossball, hal itu tidak sepantasnya dibicarakan,»<br>
«Hei, hei. Ah, Yang Mulia Jenderal Schidor, maafkan kelancangan saya,»<br>
Ketika ia berbalik, Jenderal sedang berdiri dengan gelas di sebelah tangannya.<br>
«Pesta ini diselenggarakan dengan susah payah. Bagaimana kalau kita nikmati saja?»<br>
«Kami menikmatinya, Jenderal. Hidangannya pun sangat lezat. Tetapi, medan perang jauh lebih menarik daripada ini,»<br>
«Wah, itu menunjukkan bahwa kau bisa diandalkan. Ngomong-ngomong, dimanakah Mayor Waltz?»<br>
Dengan tangan yang sedang memegang garpu, Izac menunjuk ke arah Evarist berdiri.<br>
«Oh, seperti yang saya duga,»<br>
Evarist sedang berdansa dengan para gadis muda. Gerakan kakinya sama sekali tidak seperti tentara, kehadirannya membuat suasana sekitarnya menjadi meriah.<br>
Sepertinya mereka adalah putri para penguasa.<br>
Selain merupakan seorang pahlawan pasukan ekspansi kerajaan, Evarist pun berparas tampan. Tentu saja dia menjadi sangat populer.<br>
«Tuan Waltz, berdansalah denganku!» «Tidak, denganku!» «Aku!»<br>
Setelah satu sesi dansa selesai, Jenderal Schidor berniat untuk mendekati Evarist, tapi percuma saja. Ia tidak bisa memotong di tengah suara para gadis yang melengking.<br>
Jenderal Schidor mendeham keras, lalu berkata di antara para gadis dan Evarist.<br>
«Maafkan aku, putri-putri. Bolehkah aku pinjam Mayor untuk sesaat?»<br>
«TIdak boleh!»<br>
Suara yang asalnya terpecah-belah jadi menyatu, dengan jelas menunjukkan penolakan.<br>
Evarist pun menawarkan «pertolongannya» untuk Sang Jenderal.<br>
«Maafkan aku, putri sekalian. Aku akan segera kembali,»<br>
Evarist tersenyum ramah.<br>
«Baiklah!» «Aku menunggumu!»<br>
«Wah wah, sepertinya di antara para gadis itu, jabatanku tak ada artinya ya,»<br>
«Mungkin para wanita bangsawan menyukai hal-hal yang sedang populer,»<br>
«Aku ingin kau bertemu dengan seseorang,»<br>
Jenderal Schidor dan Evarist keluar dari hall dan berjalan menuju ke istana.<br>
　<br>
Evarist dipersilakan masuk ke ruangan lain, dan di hadapannya duduklah seorang gadis muda cantik.<br>
Tetapi, figur itu tampak berbeda dengan keluarga kerajaan yang lain.<br>
Di situlah Ratu Alisteria. Sesosok simbol kerajaan yang selama ini hanya ia lihat di foto.<br>
Evarist menekuk lututnya, memberi hormat.<br>
Di kerajaan, keberadaan sang Ratu spesial dan utama. Sebagai seorang permaisuri yang abadi, ia adalah seseorang yang mampu menyampaikan hal itu kepada rakyatnya.<br>
Jika ada suatu kekuasaan yang mutlak, pasti itu hanya dimiliki oleh Sang Ratu.<br>
Alisteria bangkit dari kursi megahnya, lalu berdiri di depan Evarist.<br>
«Yang Mulia Ratu, saya telah membawa Mayor Evarist Waltz,»<br>
Sang Ratu mengulurkan tangannya. Evarist mengangkat wajahnya, mencium punggung tangan sang Ratu, lalu bangkit.<br>
«Yang Mulia Ratu, suatu kehormatan bisa bertemu dengan Anda,»<br>
«Aku sudah dengar tentang kerja kerasmu. Hebat sekali usahamu,»<br>
«Terima kasih, Yang Mulia. Tetapi, itu semua bukan hanya karena tenaga saya, melainkan tenaga seluruh pasukan,»<br>
Alisteria tampak jauh lebih muda dari fotonya. Tetapi, di sorot matanya tampak rasa dingin dan ketenangan yang aneh,<br>
Jenderal dengan sopan memohon diri, di ruangan itu hanya Evarist dan Ratu Alisteria yang tersisa.<br>
«Mengapa Anda ada di sini?»<br>
Tidak ada tanda-tanda penjaga yang biasa melindungi keluarga kerajaan.<br>
«Anehkah bila seorang Ratu berada di istana kerajaannya?»<br>
Perlahan-lahan, sang Ratu mendekati Evarist, lalu digandengnya lengan Evarist.<br>
«Jangan gugup. TIdak ada orang lain di sini,»<br>
Kata sang Ratu, seolah-olah ia membaca pikiran Evarist.<br>
　<br>
Jenderal Schidor yang memperkenalkan Evarist kepada Ratu Alisteria memisahkan diri dari mereka berdua dan berjalan kembali menuju tempat pesta.<br>
Kebanyakan orang akan mengajak bicara, lalu merendahkan diri mereka di hadapan Jenderal Schidor. Jenderal Schidor sangat puas melihat ia bisa memastikan kembali kekuasaannya.<br>
Di tengah itu semua, seseorang yang hadir meskipun ia bukan pendukung ekspansi, memanggil Jenderal Schidor.<br>
«Hei, Schidor. Si pria yang bernama Waltz itu, dia berbahaya,»<br>
Dia adalah Jenderal Beard, yang bukan merupakan faksi ekspansi maupun faksi kontrol.<br>
«Matanya bukanlah mata seseorang yang bisa diperdaya begitu saja,»<br>
«Justru karena itulah aku menggunakannya. Dia adalah simbol pemuda. Asalkan ia diberi imbalan yang cukup untuk pencapaiannya, pasti ia akan semakin semangat dan loyal. Selain itu, tanpa perlindungan dariku, anak itu tidak bisa apa-apa,»<br>
«Itu dulu. Entah apakah itu tetap berlaku di masa depan,»<br>
«Pendapatmu memang seperti seorang pengecut, Beard. Aku akan menggunakan semua bidak yang bisa dipakai. Dan sebaliknya, aku tidak akan membiarkan diriku diperalat oleh pada bidak itu,»<br>
«Kalau begitu, apa maksudmu dengan memperkenalkannya kepada Yang Mulia Ratu?»<br>
«Itu adalah permintaan dari Yang Mulia Ratu. Aku pun tidak tahu maksud beliau,»<br>
«Kau berpura-pura tak tahu? Yah, terserahlah. Yang penting jangan sampai kau masuk perangkapmu sendiri,»<br>
«Setelah kehilangan Ketua Kandun, faksi kontrol menjadi kehilangan taringnya, sementara faksi ekspansi terus menguat. Jadi apa yang perlu ditakutkan?»<br>
　<br>
Pesta hampir selesai, sebagian tamu mulai pulang.<br>
Hari ini pun merupakan hari yang indah. Sama seperti tidak ada kekuatan oposisi di dalam kerajaan ini. Persoalan yang tersisa adalah «kapan» segalanya akan diselesaikan.<br>
Jenderal Schidor sangat gembira.<br>
Alkohol yang diminumnya saat pesta membantu untuk memikirkan cara berhadapan dengan para anggota faksi kontrol<br>
Apakah akan mereka habisi semuanya, atau membiarkan mereka di antara hidup dan mati, dengan tujuan . Mengirim mereka ke medan perang yang merugikan juga mungkin ide yang bagus.<br>
Jenderal Schidor yang menumpangi kereta kuda tidak menyadari bahwa pelayan yang mengikutinya berbeda dari biasanya, dan sebenarnya, di belakangnya terdapat mayat pelayan yang sebenarnya.<br>
Kenyataannya, fraksi kontrol telah terpojok. Oleh karena itu, hanya satu jalan keluar bagi mereka, yaitu menjalankan rencana pembunuhan Jenderal Schidor. Rencana itu pun berhasil. Pintu kereta kuda tertutup, dan beberapa saat kemudian semacam gas khusus memenuhi kereta kuda. Jenderal Schidor yang menyadari adanya kejanggalan, berusaha membuka pintu dan jendela, tapi sia-sia. Jenderal Schidor kehilangan kesadarannya. Kereta kuda pun melaju, entah kemana.<br>
　<br>
Potongan kejadian itu disaksikan oleh Izac dari balik bayangan. Tapi, ia tidak berusaha untuk menolong sang Jenderal.<br>
Karena, begitulah perintah dari Evarist.<br>
Bagi mereka, keberadaan Jenderal Schidor sudah tidak ada gunanya lagi. Mereka telah memutuskan untuk «menghadiahkan» Jenderal Schidor untuk serangan balasan dari fraksi kontrol.<br>
Mereka sudah mengetahui rencana fraksi kontrol, tetapi tidak melakukan tindakan apa-apa.<br>
Jenderal Schidor yang hanya memikirkan ekspansi wilayah kekuasaan dan memperluas daerah perang, bagi fraksi ekspansi sendiri keberadaannya mengganggu.<br>
Setelah «membuat perjanjian» dengan para petinggi fraksi ekspansi, Secara kenyataannya, Evarist telah menempati posisi teratas.<br>
　<br>
Setelah bertemu dengan Ratu, Evarist berjalan kembali menuju hall. Hampir semua tamu sudah pulang. Untuk menghilangkan rasa gugupnya, Evarist menghirup udara malam dari balkon.<br>
Izac datang ke sebelahnya.<br>
«Ada apa? Kau pergi lumayan lama,»<br>
«Aku akan ceritakan padamu nanti,»<br>
«Tadi ada tamu untuk Schidor,»<br>
Kata-kata Izac menandakan bahwa Jenderal Schidor sudah dihabisi. Sebentar lagi, tibalah waktunya kekuatan mereka diuji. Begitulah keyakinan Evarist.<br>
　<br>
　<br>
- Fin -<br>","ch01_b.swf","3397_000"
8,1,"Tahun 3389 Pelarian",1,"«Izac….»<br>
Dilepasnya pedang kayu yang tertancap di tanah, lalu ia kembalikan ke posisi semula.<br>
Sambil memperhatikan dua bilah pedang kayu yang berjejer, Evarist mengenang kembali masa lalu.<br>
　<br>
Resimen meningkatkan kekuatannya dan bergerak menuju pertarungan pertama dan terakhirnya. 最大の渦《プロフォンド》たる眼『ジ・アイ』の処置。<br>
Hasilnya, akhirnya sosok The Eye itu pun menghilang.<br>
Ternyata, para resimen itu tidak semuanya menuju ke arah yang sama.<br>
«Lamban! Sedang apa kau? Kalau seperti ini terus kita tidak akan bisa maju,»<br>
Izac tidak bisa menyembunyikan kekesalannya.<br>
«Jangan terburu-buru,»<br>
Namun demikian, «The Eye» yang ada di hadapan mereka perlahan-lahan mulai menghilang, yang berarti rencana mereka berhasil.<br>
　<br>
経験の浅さ故、突入メンバーにこそならなかったものの、中心から外れた場所とて危険である事に違いなかった。<br>
Para anggota yang menuju ke bagian tengah menunggu di bagian luar, menyediakan jalur untuk evakuasi. Itulah tugas yang merupakan kelemahan Evarist dan kawan-kawannya.<br>
«Bajingan! Para perwira masih belum juga!»<br>
Kemusnahan 渦 mendekat dan sambil menunggu kawan-kawan, mereka berusaha mencegat 異形たち yang menjadi aktif. Tetapi, semua itu sudah hampir mencapai batas kemampuan mereka.<br>
«Kalau dibiarkan begitu saja, kita semua juga akan musnah,»<br>
«Minggir»<br>
Ketika mereka hendak memisahkan diri dengan berat hati, mesin kapal yang sejak tadi berderu tiba-tiba berhenti bergerak.<br>
«Bagaimana dengan kapal yang di sebelah sana?»<br>
«Tidak bergerak juga!»<br>
Terlebih lagi, bukan hanya diri mereka sendiri, tapi pasukan yang lain juga nampaknya mengalami hal yang sama.<br>
　<br>
«Eva!»<br>
Izac menghalangi serangan para 異形 yang mulai mendekati Evarist melalui titik kelemahannya.<br>
Izac berhasil menangkis serangan pertama, tetapi tidak dengan serangan kedua.<br>
Izac berteriak kesakitan sambil menahan mata kanannya.<br>
«Izac!»<br>
«Tidak apa-apa, hanya luka goresan,»<br>
Izac melepas jubahnya, Ia sobek lengan bajunya dan ditempelkan kain itu ke mata kanannya. Warna kain berubah menjadi merah kehitaman. Hanya untuk pertolongan sementara.<br>
Para 異形たち yang melihat para resimen kehilangan kakinya, menambah jumlah dan kekuatan mereka, lalu mengejar-ngejar resimen.<br>
　<br>
«Naik!»<br>
Suara itu terdengar familiar. Tetapi, harusnya tidak ada suara yang bisa didengar di sini.<br>
Yang berada di ujung suara itu adalah Ramu, seorang teknokrat yang tidak pernah muncul di lokasi penyusunan strategi.<br>
«Apa yang kau lakukan di sini?»<br>
Seperti menginterupsi pertanyaan Evarist, orang tua itu terus berbicara dengan cepat.<br>
«Maafkan aku, tapi sekarang bukan saatnya berbincang-bincang. Inilah batas dari yang bisa kami siapkan saat ini,»<br>
Evarist berpindah ke kapal yang sedang ditumpangi oleh teknokrat.<br>
«Sisanya, larilah dengan kaki kalian sendiri. Aku harus mengumpulkan sebannyak-banyaknya,»<br>
Setelah keduanya diturunkan di ambang 渦, kapal kembali ke bagian tengah.<br>
Saat akan pergi, Ramu berkata, «Yang penting jangan kembali ke Resimen, bersembunyilah!»<br>
Beberapa saat setelah menanyakan alasannya, Evarist dan kawan-kawan pun ditinggalkan.<br>
　<br>
Sedikit demi sedikit, mereka menjauh dari The Eye. Perasaan mereka seperti diburu-buru, tetapi kaki Izac terasa berat.<br>
«Aaaarrghh!»<br>
Luka yang diperoleh dari 異形, pasti bukan luka biasa.<br>
Biasanya, dengan pengobatan dari tim medis sudah cukup, tetapi tidak untuk kali ini.<br>
Izac terus berteriak.<br>
Cairan yang mengalir dari mata Izac tidak lagi berwarna merah kehitaman, tetapi bercampur dengan cairan kekuningan.<br>
Luka itu tidak bisa dibiarkan begitu saja.<br>
«Sabarlah hingga kita tiba di kota. Secepat mungkin kita temui dokter!»<br>
«Dokter, ya.. Hmm.. Kalau sudah separah ini, tidak mungkin bisa pulih kecuali kita ke Pandemonium. Kalau bisa segera…»<br>
Izac melepaskan kain yang menutupi matanya.<br>
«Jangan menaruh harapan yang setengah-setengah. Tidakkah kau berpikir begitu, Eva?»<br>
Di mata Evarist, area mata kanan Izac sudah tidak lagi nampak seperti wujud aslinya. Mata Izac telah berubah menjadi sesuatu yang membuat orang memalingkan pandangannya.<br>
Izac mengulurkan tangan ke mata kanannya, ia sentuh dan genggam bola matanya.<br>
Izac berteriak, ia merasakan sakit yang luar biasa. Tetapi, tangannya tidak berhenti.<br>
Benda yang sebelumnya adalah bola mata Izac dilempar ke atas tanah.<br>
«Semoga saja sekarang rasa sakitnya berkurang,»<br>
Lalu, Izac menginjak benda yang sejak tadi bersarang di kepalanya itu.<br>
　<br>
Keduanya terus berkeliaran di daerah wilayah yang terpencil itu. Mereka menyiapkan cadangan makanan sendiri, dan seperti perkataan Ramu, mereka menjalani semua itu tanpa diketahui orang lain.<br>
Seiring dengan berjalannya waktu, mereka mengerti apa yang sebenarnya terjadi. Di kota terpencil pun berita tetap sampai. Pada akhirnya, 渦 telah musnah sepenuhnya, dan The Regiment pun telah hancur. The Regiment telah menjadi pahlawan yang merelakan nyawanya untuk menyelamatkan dunia. Dalam berita, dikabarkan bahwa seluruh anggota pasukan gugur dalam peperangan.<br>
Evarist mengerti bahwa mereka telah dibuang. Apapun alasan di balik itu semua, mereka telah diasingkan, dibuang.<br>
Rasa penasaran maupun marah tidak lagi dirasakannya. Mereka semua sudah siap mati. Tidak seorang pun dari mereka yang berpikir untuk mendapatkan kehormatan maupun harta.<br>
Tetapi, Evarist berpikir, jika saat ini dunia tidak lagi membutuhkan mereka, maka ia akan mengubah dunia itu. Hasrat yang kuat itu muncul di dalam dirinya. Dia tidak akan menyia-nyiakan nyawa yang telah hilang. Pasti ada arti dibalik selamatnya mereka.<br>
　<br>
Di cakrawala penghujung hutan, nampaklah sebuah kastil.<br>
«Besok, akhirnya kita akan sampai di kastil,»<br>
Evarist dan kawan-kawannya akhirnya tiba di perbatasan kerajaan Granderenia.<br>
«Apa yang harus kita lakukan sekarang?» tanya Izac.<br>
«Kita sudah tidak punya tempat pulang,»<br>
«Ah, kau benar,»<br>
«Di kota itu sedang dicari prajurit baru. Dan pengalaman tidak dipertanyakan,»<br>
Kerajaan itu sedang mempersiapkan perang. Saat ini, di kala 渦 sudah menghilang, tidak ada alasan untuk mengasingkan diri di kota berbenteng. Kerajaan itu sedang mempersiapkan pasukan untuk ekspansi wilayah.<br>
«Bagaimana lukamu?»<br>
«Selama apapun menunggu, bola matanya tidak akan tumbuh lagi, bukan?»<br>
«Apakah kau akan ikut bersamaku?»<br>
«Tentu saja. Aku akan menemanimu,»<br>
Setelah beberapa saat, mereka pun tertawa. Tawa setelah sekian lama.<br>
　<br>
Saat kehilangan kampung halaman, saat kehilangan The Regiment, Izac selalu ada bersama Evarist.<br>
Mereka berdua berjuang untuk diakui di dunia yang kejam ini.<br>
Tetapi, saat dunia mulai mengakui mereka, terbentuklah jarak di antara keduanya.<br>
Meskipun demikian, langkah mereka tidak boleh terhenti. Jika langkah mereka terhenti di sini, mereka akan kehilangan segalanya, sekali lagi.<br>
　<br>
　<br>
- Fin -<br>","ch01_c.swf","3389_010"
9,1,"Tahun 3398 Pemujaan",1,"Evarist tahu betul betapa banyaknya jumlah lawan. Di daerah sendiri pun dia tidak lalai.<br>
Jabatan publik dan perlindungan ratu baginya, dari luar nampak seperti pondasi kekuasaan yang kokoh. Namun, Evarist tidak berniat untuk lupa bahwa semua itu juga berarti bahaya.<br>
　<br>
Dalam jalan pulang selepas pertemuan rahasia dengan seseorang, kereta kuda yang ditumpangi Evarist melewati sudut kota yang tidak begitu dikenal. Di situ, kereta kuda tiba-tiba berhenti. Untuk beberapa saat tidak ada yang terjadi, tetapi kusir pun tidak memberikan tanda apa-apa. Pengawal yang merasa curiga pun turun dari kereta, dan saat itulah terdengar bunyi tembakan dan mereka pun terjatuh.<br>
Meskipun sudah jelas bahwa sedang terjadi penyerangan, Evarist tidak merasa goyah sedikitpun. Justru, karena para pengawal sudah tidak ada, dia bisa mengerahkan seluruh tenaganya. Begitulah pikirnya.<br>
Dari efek tembakan terhadap para pengawal dan suara tembakan, Evarist memastikan jarak dan sudut terhadap si pelaku serangan.<br>
Turun dari kereta kuda tanpa mengetahui pasti jumlah penyerang bukanlah langkah yang menguntungkan, pikir Evarist, ia pun melihat dulu keadaan. Di luar, tidak nampak ada perubahan.<br>
Apakah ini peringatan yang rumit atau mereka sedang merencakan langkah selanjutnya?<br>
Apapun itu, tidak ada pilihan bagi Evarist selain untuk mengambil tindakan. Evarist pun keluar dari pintu yang berlawanan dengan pengawal tadi. Tidak ada gerakan apapun yang masuk penglihatannya.<br>
Ditariknya pistol miliknya, lalu Evarist berlari menuju gedung di seberang. Ketika Evarist sedang menyeberang, ia dikejutkan oleh sebuah serangan. Lengannya tertembak dan sembari kehilangan keseimbangan, ia melompat ke balik bayangan.<br>
Penembak itu mahir. Selain itu, si penembak bukan bermaksud untuk mengancam, tapi membunuh. Evarist menyadari hal itu.<br>
Evarist menertawakan sendiri kecerobohannya. Tapi sudah tidak ada waktu. Si penyerang yang sudah memastikan posisi dirinya, mulai mempersempit jarak. Bagaimanapun juga, Evarist harus mencari jalan keluar.<br>
Bayangan tempat Evarist berteduh tadi terhubung dengan lorong yang cukup membingungkan. Sambil menahan luka tembakan di lengannya, ia berlari menelusuri lorong itu.<br>
　<br>
Evarist berlari di tengah malam ibukota sambil menahan lukanya. Tidak ada orang lain di situ.<br>
Ia masuk ke dalam lorong, bersender ke dinding, dan menajamkan pendengarannya. Sepertinya, tidak ada yang mengejarnya. Seragam dan sarung tangannya menjadi berwarna mrerah.<br>
Ia menarik napas dalam-dalam, ditatapnya langit dari dalam lorong. Langit malam ini sama seperti biasanya. Ketika ia melihat ke bawah, di dinding tertempel poster gambar dirinya.<br>
«Semuanya untuk Kerajaan»<br>
Di kertas itu, terpampang sosok Evarist yang gagah.<br>
Evarist yang naik status sosialnya, padahal ia bukanlah dari kalangan keluarga kerajaan maupun politikus, menjadi target kecemburuan bagi sebagian pemuda. Hal itu diketahui oleh tim hubungan masyarakat. Begitulah promosi di kala masyarakat mulai memiliki kesadaran akan perang.<br>
«Cih..»<br>
Sosok Evarist yang saat ini menahan sakit dan tidak memperlihatkan diri pada si penyerang tampak menyedihkan, berlawanan dengan posternya. Evarist pun tersenyum pahit.<br>
Apa yang harus kulakukan sekarang, batin Evarist.<br>
Karena ia dalam jalan pulang dari pertemuan rahasia, perlu waktu lama hingga para bawahan dan kawannya menyadari ketidakadaannya. Ia pun tidak bisa memanggil mereka saat ini. Apakah ia harus menunggu di situ hingga fajar tiba? Tidak. Menunggu nasib baik seperti itu tidak ada artinya dalam pertarungan. Harus ia sendiri yang mengakhiri kebuntuan ini. Itulah jawaban Evarist.<br>
Apakah itu fraksi kontrol, kerajaan musuh, atau mungkin fraksi ekspansi yang ia pikir ia tahu segalanya? Entah dari sisi manapun itu, mereka pasti tidak akan melewatkan kesempatan seperti malam ini.<br>
Ia tidak kunjung merasakan keberadaan si Penyerang. Setelah mengatur nafas, Evarist kembali berlari.<br>
　<br>
Setelah berlari beberapa saat, sesosok pria muncul di bawah lampu jalanan. Gerak-geriknya tidak mengindikasikan apapun.<br>
Jubah panjang merahnya nampak mencolok di tengah gelapnya malam. SI penyerang bukan dari fraksi kontrol, fraksi ekspansi, maupun kerajaan musuh. Dia adalah Inkuisitor bertopeng.<br>
«Anjing insinyur..»<br>
Penyerbuan Inkuisitor ini adalah tanda bahwa The Regiment masih ada, pikir Evarist.<br>
«…Kemana saja kau selama ini?»<br>
Lengan Evarist terasa bertambah sakit. Tadi ia tidak menghentikan pendarahan dengan benar.<br>
«….»<br>
Bukannya menjawab, si pria bertopeng mengeluarkan senjatanya.<br>
«Maaf saja, tapi aku tidak ada waktu untuk ditangkap hantu masa lalu,»<br>
　<br>
　<br>
- Fin -<br>","ch01_d.swf","3398_010"
