<!-- Sandbox用リリースConfig！！ コピー禁止-->
<flex-config>
   <target-player>10.0.12</target-player>
<compiler>
  <external-library-path>
    <path-element>../lib/as3crypto.swc</path-element>
  </external-library-path>
  <source-path>
    <path-element>.</path-element>
    <path-element>../lib</path-element>
  </source-path>
  <define>
    <name>CONFIG::DEBUG</name>
    <value>true</value>
  </define>
  <define>
    <name>CONFIG::RELEASE</name>
    <value>false</value>
  </define>
  <define>
    <name>CONFIG::ACTION_CARD_CLICK</name>
    <value>true</value>
  </define>
  <define>
    <name>CONFIG::ACTION_CARD_DRAG</name>
    <value>false</value>
  </define>
  <define>
    <name>CONFIG::HAND_OLD</name>
    <value>true</value>
  </define>
  <define>
    <name>CONFIG::HAND_NEW</name>
    <value>false</value>
  </define>
  <define>
    <name>CONFIG::PAYMENT</name>
    <value>false</value>
  </define>
  <define>
    <name>CONFIG::NOT_PAYMENT</name>
    <value>true</value>
  </define>
  <define>
    <name>CONFIG::LOT_ON</name>
    <value>true</value>
  </define>
  <define>
    <name>CONFIG::LOT_OFF</name>
    <value>false</value>
  </define>

  <define>
    <name>CONFIG::SAND_BOX</name>
    <value>true</value>
  </define>
  <define>
    <name>CONFIG::LOCALE_JP</name>
    <value>true</value>
  </define>
  <define>
    <name>CONFIG::LOCALE_EN</name>
    <value>false</value>
  </define>
  <define>
    <name>CONFIG::LOCALE_KR</name>
    <value>false</value>
  </define>
  <define>
    <name>CONFIG::LOCALE_TCN</name>
    <value>false</value>
  </define>
  <define>
    <name>CONFIG::LOCALE_SCN</name>
    <value>false</value>
  </define>
  <define>
    <name>CONFIG::LOCALE_FR</name>
    <value>false</value>
  </define>
  <define>
    <name>CONFIG::LOCALE_ID</name>
    <value>false</value>
  </define>
  <define>
    <name>CONFIG::LOCALE_TH</name>
    <value>false</value>
  </define>
  <define>
    <name>CONFIG::ENCRYPT_ON</name>
    <value>false</value>
  </define>
  <define>
    <name>CONFIG::ENCRYPT_OFF</name>
    <value>true</value>
  </define>
  <define>
    <name>CONFIG::CHARA_VOTE_ON</name>
    <value>false</value>
  </define>
  <define>
    <name>CONFIG::RANK_EVENT_ON</name>
    <value>false</value>
  </define>
  <define>
    <name>CONFIG::RANK_EVENT_OFF</name>
    <value>true</value>
  </define>
  <define>
    <name>CONFIG::CHARA_COST_DRAW_ON</name>
    <value>true</value>
  </define>
  <define>
    <name>CONFIG::CHARA_COST_DRAW_OFF</name>
    <value>false</value>
  </define>
  <define>
    <name>CONFIG::DUEL_NO_OP_CLOSE_ON</name>
    <value>true</value>
  </define>
  <define>
    <name>CONFIG::DUEL_NO_OP_CLOSE_OFF</name>
    <value>false</value>
  </define>
  <define>
    <name>CONFIG::FRIEND_MAIL_ON</name>
    <value>true</value>
  </define>
  <define>
    <name>CONFIG::FRIEND_MAIL_OFF</name>
    <value>false</value>
  </define>
  <define>
    <name>CONFIG::RAID_ITEM_OFF</name>
    <value>false</value>
  </define>
  <define>
    <name>CONFIG::RAID_ITEM_ON</name>
    <value>true</value>
  </define>
  <define>
    <name>CONFIG::VOICE_OFF</name>
    <value>false</value>
  </define>
  <define>
    <name>CONFIG::VOICE_ON</name>
    <value>true</value>
  </define>
  <define>
    <name>CONFIG::RAID_EVENT_OFF</name>
    <value>false</value>
  </define>
  <define>
    <name>CONFIG::RAID_EVENT_ON</name>
    <value>true</value>
  </define>
  <define>
    <name>CONFIG::QUEST_EVENT_OFF</name>
    <value>true</value>
  </define>
  <define>
    <name>CONFIG::QUEST_EVENT_ON</name>
    <value>false</value>
  </define>
  <define>
    <name>CONFIG::WEAPON_COMBINE_ON</name>
    <value>true</value>
  </define>
  <define>
    <name>CONFIG::RAID_NEW_CONFIG_OFF</name>
    <value>false</value>
  </define>
  <define>
    <name>CONFIG::RAID_NEW_CONFIG_ON</name>
    <value>true</value>
  </define>
  <define>
    <name>CONFIG::QUEST_CHARA_VOTE_ON</name>
    <value>false</value>
  </define>
  <define>
    <name>CONFIG::WC_COMBINE_LIST_UNCHECK</name>
    <value>false</value>
  </define>

  <debug>true</debug>
</compiler>
<default-background-color>0x000000</default-background-color>
<default-size>
  <width>780</width>
  <height>680</height>
</default-size>
<default-frame-rate>24</default-frame-rate>
</flex-config>
