"id","content"
1,"ถ้าอยากตายก็เข้ามาได้เลย"
2,"จะไปล่ะนะ เตรียมใจไว้แล้วรึยัง?"
3,"คิดว่าจะชนะฉันได้เหรอ? ไอแซค"
4,"ความตายไม่ใช่จุดจบ...อย่างนั้นรึ"
5,"ความตายมันก็ไม่ได้เลวร้ายนักหรอก จะได้พบความสงบสุขเสียที"
6,"ผมจะไม่แพ้แน่นอน เพราะมันต้องเป็นอย่างนั้นอยู่แล้ว"
7,"เธอเคยเห็นโลกอันมืดมิดนั่นไหมล่ะ?"
8,"การต่อสู้ชั่วนิรันดร์ นั่นแหละที่ฉันต้องการ!"
9,"ผู้ที่อยู่ด้วยดาบ ก็ต้องตายด้วยดาบ มันก็เท่านั้นแหละ"
10,"ถอยไปซะเจ้าเด็กน้อย"
11,"ได้เวลาพิพากษาแล้ว ทรมานแค่ครู่เดียวเท่านั้นแหละ"
12,"เลือดของฉันมันแพงนะ"
13,"เอวา มาประลองกันสักตั้งสิ"
14,"มาตัดสินผลแพ้ชนะระหว่างฉันกับนายกันตอนนี้เลยเถอะ"
15,"เหมือนเคยได้กลิ่นเธอ...จากที่ไหนมาก่อน"
16,"...."
17,"เจด ไม่คิดเลยนะว่าจะมาเจอนายที่นี่"
18,"ฉันจะทำให้นายเห็นจุดจบเอง"
19,"กรุนวัลด์ ฉันรู้สึกสมเพชในตัวแกเหลือเกิน"
20,"ขอโทษนะคุณหนู ฉันปล่อยให้เธอมาเกะกะไม่ได้หรอก"
21,"ฉันมีเรื่องอยากจะถามนายสักหน่อย...แต่เอาไว้สู้จบก่อนแล้วกัน"
22,"จงสลายไปด้วยลำแสงของข้าซะ"
23,"ฉันชอบที่นี่มากกว่าโลกปัจจุบันอีกนะ"
24,"ฉันมีหนี้กับแกอยู่นี่นะ งั้นจะขอคืนให้เดี๋ยวนี้เลยก็แล้วกัน"
25,"พวกเราจะกลับไปอีกครั้ง ใช่ไหมล่ะ เอวา"
26,"อย่าใจร้อนแบบนั้นสิ เดี๋ยวยังไงก็ได้รู้กันแล้ว ทั้งแกทั้งฉันนั่นแหละ"
27,"การกระทำใดก็มีการชดเชย ไม่ว่าจะถูกหรือผิดก็ตาม"
28,"ฉันจะสู้เพื่อชีวิตของตัวเอง แล้วคุณล่ะ?"
29,"ขอบโลกน่ะไม่ใช่ที่นี่หรอก เอวาริสท์"
30,"ฉันจะให้แกได้เห็นความมืดที่ล้ำลึกกว่าความตาย"
31,"ถ้าเป็นการทดลองที่ใช้ได้ก็ดีน่ะสิ"
32,"ขอดูพลังของเธอหน่อยสิ"
33,"เอาล่ะ งั้นขอสนุกด้วยหน่อยนะ"
34,"ไม่เจอกันนานเลยนะ เก่งขึ้นบ้างไหม?"
35,"มาเถอะ มาสนุกด้วยกันสิ"
36,"อ๊ะ ไม่เจอกันนานเลยนะ ...ตายซะเถอะ!"
37,"ให้ตายสิ ขัดลูกตาซะจริง! หายไปซะ!"
38,"ถ้าเข้ามายุ่งล่ะก็จะไม่ปราณีแล้วนะ!"
39,"ตามหามาตั้งนานแน่ะ...พี่!"
40,"สเปราท์งั้นเหรอ? จริงๆ เหรอ?"
41,"กลิ่นของความตายอันเยือกเย็นที่ช่างงดงามหวานหอม เธอเองก็ชอบใช่ไหมล่ะ?"
42,"ถ้าจะหันดาบใส่ ก็จงกลับลงไปสู่พื้นที่เย็นเยียบนั่นเถอะ"
43,"หญิงสาวผู้นำพาความตาย...มาจบเรื่องกันเลยดีกว่า"
44,"ฉันไม่มีเวลาเท่าไหร่ ไม่ว่างมาจับปลาซิวปลาสร้อยเล่นหรอกนะ"
45,"ดีใจจังที่ได้สู้กับคุณ"
46,"ยืนยันสถานการณ์ เตรียมเก็บกวาดศัตรู"
47,"สิ่งที่จะนำพาไพ่ในมือมาคือโชคชะตา แต่สิ่งที่เลือกไพ่นั้นคือความนึกคิดของท่าน"
48,"ท่านต้องการทราบวิธีการเล่นเกมหรือไม่?"
49,"แม้โชคชะตาก็ยังมีการผันเปลี่ยน กรุณาจับตาดูให้ดี"
50,"เกมนั้นมีทั้งโชคดีและโชคร้าย แต่สุดท้ายแล้วสิ่งเหล่านั้นก็จะมาบรรจบรวมกัน"
51,"ต่อให้มีตัวเลือกเป็นอนันต์ ทว่าสิ่งที่ท่านเลือกนั้นมีได้เพียงหนึ่ง"
52,"จงหายไปจากสายตาของข้าซะ เจ้าคนเถื่อนโสโครก"
53,"ภายนอกก็ดูเป็นตุ๊กตาที่งดงามดีอยู่หรอก แต่ข้างในจะเป็นยังไงบ้างนะ?"
54,"สมกับเป็นคนทรยศ ขอมอบความตายแสนทรมานให้ก็แล้วกัน"
55,"เป็นอะไรไป? อาการตะคริวนั่นอีกแล้วรึ?"
56,"เราจะจับตาดูโลกใบนี้ ไม่ให้เล็ดลอดสายตาไปแม้แต่คนเดียว"
57,"ประมืองั้นรึ? ก็ไม่เลว"
58,"ขอเสียมารยาทประลองด้วยขอรับ ท่านเรดเกรฟ"
59,"เจ้าคนเขลาที่ถูกปิศาจแห่งความยุ่งเหยิงเข้าสิงเอ๋ย จงสำเหนียกตัวเองบ้าง"
60,"เพลิงนี้จะเผาผลาญทุกอย่างให้มอดไหม้... ทุกๆ อย่าง"
61,"ถ้าประลองกันได้ก็ดีนะ"
62,"ไม่จำเป็นต้องทักทายหรอก เข้ามาเลยดีกว่า"
63,"ขอดูฝีมือดาบของแกหน่อยแล้วกัน"
64,"ความว่างเปล่าจะเข้ายึดครองทุกสิ่ง รวมทั้งแกด้วย"
65,"ข้าเองก็อยากให้แกได้เห็นสิ่งที่ข้าเห็นเช่นกัน"
66,"ถ้าทุกอย่างจบ ก็จะได้เริ่มต้นใหม่ ข้าไม่ยอมให้เข้ามาขวางหรอก"
67,"ข้าไม่มีเวลามายุ่งกับเรื่องล้อเล่นไร้สาระของแกหรอกนะ"
68,"จะช่วยนำทางวิญญาณผู้หลงทางก็แล้วกัน"
69,"จะพยายามต่อสู้ไปเพื่ออะไร? เพื่อโลกนี้เหรอ? หรือว่าเพื่อตัวเองกัน?"
70,"ขอโทษทีนะ ฉันไม่มีเวลาให้นึกเสียใจกับเรื่องที่ล่วงเกินพวกเธอไปหรอก"
71,"สำหรับฉันแล้ว ความลับของโลกนี้มันมีอยู่จริง"
72,"ไม่คิดเลยนะว่าจะได้เจอกันอีก ด็อกเตอร์..."
73,"ฉันจะไม่ยกโทษให้คุณเด็ดขาด"
74,"ดูท่าทางไม่ค่อยดีเลยนะ"
75,"จะแสดงพลังของเทพอสูรให้ดูเป็นขวัญตา"
76,"เทพอสูรของฉันไม่มีวันแพ้แน่!"
77,"หลีกไปซะ สเปราท์ ฉันไม่อยากสู้กับเธอนะ"
78,"โทษที อย่าเพิ่งเข้ามาขวางตอนนี้เลย"
79,"โอกาสดีเลย ที่จะได้ลองพลังกับทหารจักรกล"
80,"สุดท้ายแล้ว สิ่งที่จะแบ่งแยกผู้ยังชีวิตกับผู้ที่ตายแล้ว ก็คือปณิธาน"
81,"เห็นร่างข้าแล้ว คงปล่อยให้อยู่รอดต่อไปไม่ได้หรอก"
82,"ดอกกุหลาบที่โชคร้ายงั้นเหรอ ข้าจะทำให้มันจบไปตรงนี้ก็แล้วกัน"
83,"ข้าไม่มีเวลามาเล่นกับเด็กน้อยหรอกนะ"
84,"แกจะมาเข้าใจอะไรข้า"
85,"ขอชมฝีมือดาบที่ว่ากันว่าเป็นหนึ่งในอาณาจักรเป็นขวัญตาหน่อยเถอะ"
86,"ฉันไม่มีความเห็นใจให้แกหรอกนะ อาสึระ"
87,"แกคนเดียวที่ฉันจะไม่เกรงใจ"
88,"ฉันเองก็มีสิ่งที่ต้องปกป้องเหมือนกัน!"
89,"ผบ. คะ กรุณาถอยไปค่ะ"
90,"ไม่คิดว่าจะได้เจอกันอีกนะ ฟลอเรนซ์"
91,"เจ้าเล่ห์นักนะ อาสึระ"
92,"เป็นผู้หญิงที่ดื้อด้านจริงนะ ข้าจะหยุดเจ้าด้วยมือของข้าเองนี่แหละ"
93,"ให้ตายสิ กลายเป็นเรื่องยุ่งยากขึ้นมาซะได้"
94,"ขอโทษนะ แต่ช่วยไปที่อื่นก่อนได้ไหม?"
95,"เมื่อดวงดาวอยู่ในตำแหน่งที่เหมาะที่ควร จะได้รู้กันว่าพวกเรานั้นทำถูกแล้ว"
96,"อาณาจักรเจิดจรัสนั่นแหละ ที่จะครอบครองทุกสิ่ง"
97,"ความแตกต่างระหว่างแกกับพวกเรามันน้อยนิด ทว่า..."
98,"ให้ตายสิ เจ้าคนเกินเยียวยา มาตัดสินกันเลย"
99,"ต้องก้าวผ่านความกลัวไปให้ได้"
100,"พวกเราข้ามผ่านความเศร้าโศกมาแล้ว"
101,"การแสดงคืนนี้ท่าทางจะสนุกนะ"
102,"บุปผาจะงดงาม ยามที่ร่วงโรย"
103,"การต่อสู้ครั้งนี้จะมีความหมายหรือเปล่านะ"
104,"นี่ก็คือโชคชะตา มาสนุกกับเกมกันเถอะ"
105,"กลิ่นของดอกไม้ทำให้จิตใจสงบ เธอเองก็ลองเพลิดเพลินกับมันดูสิ"
106,"ผู้ที่อยู่ด้วยดาบ ก็ต้องตายด้วยดาบ มันก็เท่านั้นแหละ"
107,"สงครามที่ไม่มีวันจบได้เปลี่ยนให้โลกกลายเป็นแบบนี้"
108,"ไม่ว่าจะรู้สึกอย่างไร หากกลายเป็นผู้แพ้แล้ว ก็จะสลายไปในพริบตา"
109,"ต่อให้เป็นการต่อสู้ที่ไม่มีความหมาย ก็ยังต้องมีฝ่ายที่ชนะอยู่ดี"
110,"ผู้ที่ยืนอยู่เป็นคนสุดท้าย ก็คือผู้ชนะ"
111,"ขอโทษที แต่คงต้องตายแล้วล่ะ มันเกะกะน่ะ"
112,"ถ้าอยากตายก็เข้ามาได้เลย"
113,"ไม่ว่าจะยังไง ข้าก็แพ้ที่นี่ไม่ได้"
114,"ข้าไม่ชอบความตายที่ไร้ประโยชน์ จะเอาจริงล่ะนะ"
115,"ถ้าดูถูกพลังของข้า ระวังจะเจอดีนะ"
116,"เลือด ก็ต้องตามหาเลือด..."
117,"ความตายมันก็ไม่ได้เลวร้ายนักหรอก จะได้พบความสงบสุขเสียที"
118,"การมีชีวิตอยู่ช่างกวนใจข้าเสียจริง..."
119,"ความตายไม่ใช่จุดจบ...อย่างนั้นรึ"
120,"ความตายนั่นแหละคือแสงสว่างสุดท้าย ที่จะส่องมายังโลกนี้..."
121,"คิดว่าแค่นั้นจะชนะข้าได้งั้นรึ?"
122,"จะแสดงวิชาดาบของข้าให้ดูเป็นขวัญตา"
123,"ได้เวลาตัดสินผลแพ้ชนะกันแล้ว"
124,"ข้าเคยชินกับการเผชิญหน้าปัญหาอยู่แล้ว มา เข้ามาเลย"
125,"การต่อสู้ชั่วนิรันดร์ นั่นแหละที่ข้าต้องการ!"
126,"จะไปล่ะนะ เตรียมใจไว้แล้วรึยัง?"
127,"กลายเป็นเรื่องน่ารำคาญขึ้นมาซะได้"
128,"ไม่ต้องมาโพนทะนาหรอก แค่สู้กันก็พอแล้ว"
129,"ข้าจะแพ้ที่นี่ไม่ได้ เอาล่ะนะ"
130,"ข้ายังมีเรื่องที่ต้องทำอยู่ ขอแบบไม่ต้องออมมือเลยนะ"
131,"เธอเคยเห็นโลกอันมืดมิดนั่นไหมล่ะ?"
132,"เรื่องจริงหรือภาพลวงตากันแน่...จะอันไหนก็ช่างเถอะ"
133,"จะขอทำความปรารถนาของผมให้เป็นจริงนะ...ระวังตัวล่ะ"
134,"ผมไม่ผิด ผมน่ะ..."
135,"อย่ามายุ่งกับผมเลยนะ..."
136,"ผมไม่แพ้หรอก เพราะมันจะต้องเป็นเช่นนั้น"
137,"ไม่มีใครนอกจากผม ที่สามารถต่อกรกับโชคชะตาได้หรอก"
138,"ผมชนะคุณไม่รู้ตั้งกี่ครั้งแล้ว ไม่รู้ตัวเลยเหรอ?"
139,"ถ้าเสียดายชีวิตล่ะก็ เลิกต่อต้านผมเสียเถอะนะ"
140,"อยากจะเห็น «พลัง» ของผมจริงๆ เหรอ?"
141,"ถอยไปก่อนนะ หนูน้อย"
142,"เดี๋ยวตอนใกล้ตาย ก็เสียใจหรอก"
143,"ถ้าอยากมีชีวิตอยู่ต่อไป ก็ล้มข้าให้ได้สิ"
144,"คิดให้ดีสิ ว่าแกมีโอกาสชนะรึเปล่า?"
145,"ประวัติศาสตร์จะซ้ำรอย ไม่ว่าจะเป็นเรื่องดีหรือร้ายก็ตาม"
146,
147,
148,
149,
150,
151,"ถึงเวลาตัดสินโทษแล้ว ทรมานแค่แว้บเดียวเท่านั้นแหละ"
152,"จงสลายไปด้วยลำแสงของข้าซะ"
153,"มาทำให้จบไปโดยไม่ต้องทรมานดีกว่า"
154,"ข้าจะปกป้องให้ได้ ไม่ว่าต้องเสียอะไรไปก็ตาม"
155,"ความหวังจะเกิดจากการต่อสู้งั้นเหรอ? หรือว่า..."
156,"«เลือด» ของฉันมันแพงนะ"
157,"เอาล่ะ ร็อบ! ได้เวลาอาหารแล้ว!"
158,"ไม่ต้องกลัวไปหรอก จะยังไงซะเดี๋ยวก็ต้องตายแล้ว"
159,"อยากได้แรงกระตุ้นเหรอ เดี๋ยวจัดเต็มให้เลย"
160,"ผ่อนคลายสิจ๊ะ ถึงเวลาจบแล้ว"
161,"การกระทำใดก็ต้องมีการชดเชยค่ะ ไม่ว่าจะถูกหรือผิดก็ตาม"
162,"ฉันจะสู้เพื่อชีวิตของตัวเองค่ะ แล้วคุณล่ะ?"
163,"ไม่มีเวลาแล้วค่ะ กรุณาอย่าเข้ามาขวางเลย"
164,"สิ่งที่ถูกแย่งไป ยังไงก็ต้องขอคืนค่ะ"
165,"ฉันยังมีอนาคตที่ต้องปกป้องอยู่ค่ะ"
166,"จะไม่ขอปราณีนะ เตรียมใจไว้ซะ"
167,"ความเวทนาอาจกลายเป็นความเจ็บปวดได้"
168,"จงมาเป็นคราบสนิมบนดาบข้าเสียเถอะ"
169,"ที่ตายของข้า...ไม่ใช่ที่นี่"
170,"ข้าจะให้แกได้เห็นความมืดที่ล้ำลึกกว่าความตาย"
171,"จะเป็นคู่มือให้แล้วกัน เข้ามาเลย"
172,"เอาล่ะ งั้นขอสนุกด้วยหน่อยนะ"
173,"ถ้าโดนฟันล่ะก็เจ็บนะ แต่ที่ยิ่งกว่าเจ็บก็คือตายล่ะ"
174,"มีการต่อสู้ที่หนีไม่พ้นอยู่นะ"
175,"ไม่ว่าฉันจะพูดอะไรตอนนี้ การต่อสู้ก็ต้องเริ่มอยู่ดี"
176,"ถ้าเป็นการทดลองที่ใช้ได้ก็ดีน่ะสิ"
177,"ลองทำอะไรที่น่าสนใจให้ดูหน่อยสิ"
178,"เธอรู้ความลับของโลกนี้มากขนาดไหน?"
179,"เสียเวลาจังนะ ขอรีบๆ จัดการไปเลยก็แล้วกัน"
180,"แปลว่าไม่มีโชคชะตาไหนจะหลบซ่อนได้ยังไงล่ะ"
181,"เอาล่ะ มาสนุกกันเถอะ"
182,"ความมืดกลืนกินทุกสิ่ง เพราะฉะนั้น..."
183,"ก็แค่ต่อสู้ต่อไปใช่ไหมล่ะ"
184,"ถ้าทุกอย่างจบ ก็จะไม่ต้องทรมานแล้วใช่ไหมล่ะ?"
185,"รู้จักความมืดที่แท้จริงไหม? ฉันรู้จักนะ..."
186,"ถ้าเข้ามายุ่งล่ะก็จะไม่ปราณีแล้วนะ!"
187,"ใครจะมันจะยอมแพ้...ในที่แบบนี้กัน!"
188,"ฉันยังมีเรื่องที่ต้องทำอยู่อีกนะ!"
189,"อย่ามาทำล้อเล่นเพราะฉันเป็นเด็กนะ!"
190,"ฉันต้องสู้!"
191,"กลิ่นของความตายที่ช่างงดงามแสนหวานเยือกเย็น คุณเองก็ชอบใช่ไหมล่ะ?"
192,"คุณเองก็จะตายให้ฉันดูใช่ไหม?"
193,"ตายไปแล้วก็จงมาเป็นลูกสมุนของฉันซะ"
194,"ฮุฮุฮุ ได้กลิ่นความตายด้วยล่ะ"
195,"ทุกคนน่าจะตายกันไปซะให้หมดนะ..."
196,"ฉันไม่มีเวลาเท่าไหร่ ไม่ว่างมาจับปลาซิวปลาสร้อยเล่นหรอกนะ"
197,"เป็นการต่อสู้ที่ท่าทางน่าสนุกดีนะ"
198,"เกะกะการวิจัย หายไปซะ"
199,"นานๆ จะออกกำลังทีก็ไม่เลว"
200,"การวิจัยต้องมีการเสียสละอยู่แล้ว รีบๆ ตายซะ"
201,"ยืนยันสถานการณ์ เตรียมเก็บกวาดศัตรู"
202,"ขอใช้ชื่อกองทัพออโรลเป็นเดิมพัน ขอชัยชนะนี้ไปล่ะ"
203,"ฉันจะสู้ เพื่อความยุติธรรมของอาณาจักร"
204,"ไม่ว่าใครก็ทำลายความภาคภูมิของอาณาจักรไม่ได้"
205,"หากเพื่อปกป้องเกียรติยศแล้วล่ะก็ ขอสละชีพให้ไม่ว่าจะเมื่อไหร่"
206,"สิ่งที่จะนำพาไพ่ในมือมาคือโชคชะตา แต่สิ่งที่เลือกไพ่นั้นคือความนึกคิดของท่าน"
207,"ท่านต้องการทราบวิธีการเล่นเกมหรือไม่?"
208,"แม้โชคชะตาก็ยังมีการผันเปลี่ยน กรุณาจับตาดูให้ดี"
209,"เกมนั้นมีทั้งโชคดีและโชคร้าย แต่สุดท้ายแล้วสิ่งเหล่านั้นก็จะมาบรรจบรวมกัน"
210,"ต่อให้มีตัวเลือกเป็นอนันต์ ทว่าสิ่งที่ท่านเลือกนั้นมีได้เพียงหนึ่ง"
211,"ไม่เป็นมิตรเอาซะเลยนะ เจ้าพวกคนไร้น้ำยา"
212,"จงหายไปจากสายตาของข้าซะ เจ้าคนเถื่อนโสโครก"
213,"อยากจะโดนลวดของข้าหั่นเป็นชิ้นๆ สินะ"
214,"ผู้ที่จะปกครองโลกนี้มีแต่ท่านเรดเกรฟเท่านั้น"
215,"การเตรียมการเรียบร้อยแล้ว"
216,"เราจะจับตาดูโลกใบนี้ ไม่ให้เล็ดลอดสายตาไปแม้แต่คนเดียว"
217,"พลังนี้มันเกินกำลังของมนุษย์ เราจะกำจัดเอง"
218,"นึกไม่ถึงเลยว่าจะหันดาบเข้าหาเราด้วยเรื่องแค่นี้"
219,"หลีกไป เจ้ามนุษย์ผู้โง่เขลา"
220,"ภารกิจของเราคือการปกป้องโลก ไม่ยอมให้เข้ามาขวางหรอก"
221,"เพลิงนี้จะเผาผลาญทุกอย่างให้มอดไหม้... ทุกๆ อย่าง"
222,"ถ้าจะประลองกันก็ได้นะ"
223,"ข้ามาเพื่อทำให้ทุกอย่างเป็นเถ้าถ่าน เตรียมใจซะ"
224,"จงถูกเพลิงเผาไหม้ และเศร้าเสียใจซะ"
225,"ข้าจะเป็นอิสระจากโลกนี้ จะไม่ยอมให้ใครมาขวางหรอก"
226,"ความว่างเปล่าจะครอบครองทุกสิ่ง ให้แกเป็นเครื่องบรรณาการนั่นก็แล้วกัน"
227,"ต่อหน้าพลังนี้น่ะ พลังใดๆ ก็ไร้ประโยชน์"
228,"เสียใจที่ได้พบกับข้าสินะ"
229,"ข้ามีเรื่องที่ต้องทำ ต่อให้ต้องเป็นศัตรูกับคนทั้งโลกก็ตาม"
230,"ข้าจะสู้จนถึงที่สุด ไม่ว่าจะอยู่ที่ไหน"
231,"จะพยายามต่อสู้ไปเพื่ออะไร? เพื่อโลกนี้เหรอ? หรือว่าเพื่อตัวเองกัน?"
232,"คนจำลองเครื่องจักร เครื่องจักรก็เลียนแบบคน"
233,"ดูเหมือนว่าจะได้ประสบการณ์น่าสนใจจากโลกใบนี้นะ"
234,"การทำลายล้างเพื่อสร้างใหม่ นี่แหละคือสิ่งจำเป็น"
235,"ฉันนึกออกแล้ว นึกออกหมดแล้ว!"
236,"ฉันเองก็มีสิ่งที่ต้องปกป้องเหมือนกัน!"
237,"ฟลอเรนซ์แห่งกองทัพออโรลอาณาจักรรูบิโอน่า มาแล้วค่ะ!"
238,"จะแสดงพลังของทหารพรานติดเกราะให้ดู"
239,"รับทราบ ทำลายศัตรูทั้งหมด"
240,"ฉันไม่กลัวความตายหรอก!"
241,"จะแสดงพลังของเทพอสูรให้ดูเป็นขวัญตา"
242,"เทพอสูรของฉันไม่มีวันแพ้แน่!"
243,"ฉันจะปกป้องทุกคนด้วยพลังของฉันเอง!"
244,"หลีกไป ฉันไม่อยากจะทำร้ายใครนะ!"
245,"ชิลฟ์ ไม่ต้องออมมือนะ!"
246,"สุดท้ายแล้ว สิ่งที่จะแบ่งแยกผู้ยังชีวิตกับผู้ที่ตายแล้ว ก็คือปณิธาน"
247,"เห็นร่างข้าแล้ว คงปล่อยให้อยู่รอดต่อไปไม่ได้"
248,"แสงต้องคู่กับเงา"
249,"แกไม่สามารถเห็นวิชาของข้าทั้งหมดหรอก"
250,"ข้าจะไม่ยอมเป็นแค่เบี้ยของผู้ปกครองหรอก"
251,"ให้ตายสิ กลายเป็นเรื่องยุ่งยากขึ้นมาซะได้"
252,"ขอโทษนะ แต่ช่วยไปที่อื่นก่อนได้ไหม?"
253,"ให้ตายสิ เลือกนายจ้างผิดคนซะแล้ว"
254,"ไม่ชอบการต่อสู้เลย แต่ก็ช่วยไม่ได้"
255,"ถ้าจะทำขนาดนี้ก็ต้องจ่ายเพิ่มนะ"
256,"เมื่อดวงดาวอยู่ในตำแหน่งที่เหมาะที่ควร จะได้รู้กันว่าพวกเรานั้นทำถูกแล้ว"
257,"อาณาจักรเจิดจรัสนั่นแหละ ที่จะครอบครองทุกสิ่ง"
258,"ความทรมานของเราคือความทรมานของโลก จึงจำเป็นต้องรักษา"
259,"เพราะมีความหวังผู้คนจึงต้องทรมาน ให้ทุกอย่างจบลงตรงนี้ล่ะ"
260,"เจ้าพวกไร้ประโยชน์ จงเน่าเปื่อยไปซะเถอะ"
261,"การแสดงคืนนี้ท่าทางจะสนุกนะ"
262,"บุปผาจะงดงาม ยามที่ร่วงโรย"
263,"การต่อสู้ครั้งนี้จะมีความหมายหรือเปล่านะ"
264,"นี่ก็คือโชคชะตา มาสนุกกับเกมกันเถอะ"
265,"กลิ่นของดอกไม้ทำให้จิตใจสงบ เธอเองก็ลองเพลิดเพลินกับมันดูสิ"
266,"เด็กน้อยเอ๋ย การรู้จักหนีก็เป็นความกล้าหาญนะ"
267,"ไม่ว่าจะอย่างไรก็อยากโดนฟันสินะ"
268,"อยากจะลองชิมดาบของคนแก่ดูบ้างไหมล่ะ?"
269,"จะแสดงฝีมือดาบที่ลับคมด้วยชีวิตข้าให้ดู"
270,"แค่นี้ไม่ตายหรอก ข้าจะปกป้องอนาคตนี้ให้ดู"
271,"จะเอาชนะฉันให้ได้งั้นรึ? ไอแซค"
272,"อดีตที่เคยแบ่งปันความเจ็บปวดให้แก่กัน มันก็แค่เรื่องเก่าๆ"
273,"เวลามักผันผ่าน ไม่ว่าจะอยู่ที่ใด"
274,"มาตัดสินผลแพ้ชนะระหว่างฉันกับนายกันตอนนี้เลยเถอะ"
275,"ไม่คิดเลยว่าจะได้เจอคุณ"
276,"มันไม่เหมือนเมื่อก่อนแล้วนะ ฟรีดริช"
277,"ตอนนั้นน่าจะจัดการไปซะให้เรียบร้อยนะ"
278,"เปลี่ยนไปทั้งคู่สินะ"
279,"ขอดูพลังที่แท้จริงหน่อยสิ ผู้พิทักษ์ "
280,"เอวา มาตัดสินกันเถอะ"
281,"ถูกความตายเข้าครอบงำหรือไง กรุนวัลด์"
282,"ดวงสมพงษ์กันจริงนะ"
283,"ท่าทางร่าเริงนั่นไม่เปลี่ยนไปเลยนะ"
284,"จะหลบระเบิดนั่นให้ดู"
285,"ข้าเป็นหนี้แกอยู่หนนึงนี่นะ งั้นจะขอคืนให้เดี่ยวนี้เลยก็แล้วกัน"
286,"จะเอาให้เละเลย เบลซ"
287,"ฉันเก่งกว่าเดิมแล้วนะ เบิร์นฮาร์ท"
288,"จะแสดงฝีมือที่ฝึกมากับนายให้ดู"
289,"เจอผู้หญิงน่ารำคาญเข้าซะแล้ว"
290,"เธอต่อสู้แบบนี้เนี่ยนะ"
291,"น่าสนุกนี่ อยากจะลองสู้ด้วยสักครั้งอยู่แล้ว"
292,"ความคิดถึงอะไรนั่น ไม่จำเป็นสำหรับข้า"
293,"ข้าชอบที่นี่มากกว่าโลกปัจจุบันนี้อีกนะ"
294,"...เคยเจอกันที่ไหนมาก่อนหรือเปล่า?"
295,"คุณก็เหมือนกับผม ตรงที่ถูกความตายครอบงำเหมือนกัน"
296,"สิ่งที่เจอในการต่อสู้ สุดท้ายก็มีแค่ความตาย"
297,"หญิงสาวผู้นำพาความตาย...มาจบเรื่องกันเลยดีกว่า"
298,"สุดท้ายพวกเราก็ถูกความตายเข้าครอบงำ..."
299,"มาเลย เอวาริสท์"
300,"ไม่เปลี่ยนเลยนะ นานๆ ทีมาสู้กันดีกว่า"
301,"มาสู้กันอีกครั้ง ดูสิว่าใครจะแข็งแกร่งกว่ากัน"
302,"มาประมือกัน เลออน"
303,"เจด ไม่คิดเลยนะว่าจะมาเจอแกที่นี่"
304,"ดาบของข้ามันเยี่ยมกว่าปืนของแกอยู่แล้ว"
305,"เบลซ ข้าไม่ใช่คนที่จะถูกแกฆ่าได้นะ"
306,"ถึงจะเป็นแก แต่ข้าก็ไม่แพ้หรอก"
307,"ขอใช้แกเป็นคู่ทดลองฝีมือก็แล้วกัน"
308,"จะจับจุดวิชานั่นให้ดู!"
309,"ไม่คิดเลยนะว่าจะได้พบกันอีกครั้งในรูปแบบนี้"
310,"คิดอะไรง่ายๆ เหมือนเดิมเลยนะ นายน่ะ"
311,"มีสติหน่อย กรุนวัลด์"
312,"อยากเจอนายอยู่พอดีเลย อาเบล"
313,"เราน่าจะมีเรื่องที่ต้องคุยก่อนสู้กันนะ"
314,"เบลซ ดาบของนายน่ะมันเป็นดาบต้องสาป"
315,"ผู้ชายอย่างแกก็เสียสติเป็นเหมือนกันสินะ"
316,"...จะทุ่มสุดตัวนะครับ อาจารย์"
317,"ผู้หญิงประหลาด..."
318,"ขอรับค่าตอบแทนของการทรยศล่ะ"
319,"นายอีกแล้วเหรอ พอได้แล้วล่ะน่า"
320,"ไม่คิดเลยนะว่านายจะทรยศ"
321,"แล้วผมจะทำยังไงดี..."
322,"ต้องทำให้มันจบแล้วล่ะนะ อาเบล"
323,"ผมไม่ต้องการความช่วยเหลือจากใครทั้งนั้น!"
324,"ผมจะทำให้จบเอง ไม่ว่าจะกี่ครั้งก็ตาม!"
325,"จะเอาให้กระจุยทั้งหมดเลย"
326,"ไม่ว่าจะกี่ครั้ง สู้ไปก็เปล่าประโยชน์น่า!"
327,"ฉันไม่ได้แก่จนสู้พวกแกไม่ไหวนี่"
328,"รู้สึกตื่นเต้นขึ้นมาแล้วสิ เลออน นี่เป็นนิสัยไม่ดีของข้าเองน่ะ"
329,"เจด ไม่คิดเลยนะว่าจะต้องสู้กับแก"
330,"ถอยไป นี่เป็นเพื่อนสมัยก่อนน่ะ"
331,"ข้าจะจัดการหัวหน้ากลุ่มทั้งหมด"
332,"เลิกต่อต้านไร้สาระสักทีน่ะ รอสโซ่"
333,"จะของทวงบัญชีคืนละนะ มิเลียน"
334,"ขอโทษนะคุณหนู ฉันปล่อยให้เธอมาเกะกะไม่ได้หรอก"
335,"...."
336,"ให้ทุกอย่างมันจบลงที่นี่เถอะ"
337,"ดื้อด้านจริงๆ เลยสิ ให้ตาย"
338,"ฉันรู้สึกสงสารแกจริงๆ กรุนวัลด์"
339,"ฉันจะผนึกวิชาทุกอย่างของแกให้ดู"
340,"ดาบของแกใช้กับฉันไม่ได้ผลหรอก"
341,"ปืนของแกก็ใช้ได้เลยนี่"
342,"เลิกเล่นตลกกันได้แล้วล่ะนะ"
343,"ไม่คิดเลยว่าจะต้องมาประดาบกับแก"
344,"หายไปได้แล้ว ยัยผู้หญิงน่ารังเกียจ"
345,"ฉันจะทิ้งอดีตไปให้หมด!"
346,"เหมือนเคยได้กลิ่นเธอ...ที่ไหนนะ?"
347,"ให้ตายสิ ขัดลูกตาซะจริง! หายไปซะ!"
348,"ผู้หญิงน่ารังเกียจ"
349,"ไม่คิดเลยนะว่าจะได้เจอกันอีก ด็อกเตอร์..."
350,"อ๊ะ สวัสดี..."
351,"ทั้งที่ไม่มีเหตุผลให้สู้แท้ๆ..."
352,"สเปราท์งั้นเหรอ? จริงๆ เหรอ?"
353,"เธอเองเหรอที่หลอกทุกคนน่ะ..."
354,"ขอบโลกน่ะไม่ใช่ที่นี่หรอก เอวาริสท์"
355,"ข้ามเส้นความตายไปแล้วจะได้อะไร ไอแซค?"
356,"แกสู้ข้าไม่ได้หรอก"
357,"กำลังอยากสู้กับแกอยู่พอดี"
358,"ชักดาบสิ มาสู้กัน ฟรีดริช"
359,"หมายความว่ามีชะตากรรมต้องต่อสู้กับแกไงล่ะ"
360,"ขอดูพลังของแกหน่อยเถอะ"
361,"แกได้อะไรมาจากการขายเพื่อนกันล่ะ?"
362,"ฉันไม่ได้อ่อนแอจนแพ้แกหรอกนะ"
363,"ไม่เจอกันนานเลยนะ เก่งขึ้นบ้างไหม?"
364,"ไม่อยากจะสู้กับแกเท่าไหร่เลยนะ"
365,"ไม่เจอกันนานเลยนะ เก่งขึ้นบ้างไหม?"
366,"โอ๊ะ ลำบากจริงเลยนะ..."
367,"ไม่จำเป็นต้องออมมือหรอก เบิร์นฮาร์ท"
368,"จะของทวงบัญชีคืนละนะ รอสโซ่"
369,"ขอชมฝีมือดาบในตำนานหน่อยเถอะ"
370,"คราวนี้จะสู้กันจริงจังล่ะ"
371,"ขอดูพลังของเธอหน่อยสิ"
372,"ในที่สุดก็เจอจนได้...เอาล่ะ ขอดูพลังหน่อยสิ"
373,"โผล่มาอยู่ได้ เจ้าผู้ชายดื้อด้าน"
374,"จะสู้กับฉันเหรอ? ไม่จบแค่เล่นๆ หรอกนะ"
375,"ได้ลองวัดพลังที่แท้จริงของเธอดูก็ไม่เลวนะ"
376,"เป็นแค่ตุ๊กตาไม้ อย่ามาเกะกะ!"
377,"อ๊ะ ไม่เจอกันนานเลยนะ ...ตายซะเถอะ!"
378,"ผู้ชายอย่างเธอมันน่ารำคาญ!"
379,"...จะขอรับทั้งหมดของฉันคืนล่ะนะ"
380,"ฉันจะไม่ยกโทษให้คุณเด็ดขาด"
381,"ตามหามาตั้งนานแน่ะ...พี่!"
382,"อย่าทำให้ทุกคนทรมานมากกว่านี้นะ!"
383,"ผมเองก็แข็งแกร่งไม่แพ้เอด้านะ!"
384,"พักชั่วคราว"
385,"ขอโทษนะ แต่อย่าเพิ่งเข้ามาขวางเลย!"
386,"แกคนเดียวที่ฉันจะไม่ยกโทษให้!"
387,"ทำไมถึงต้องสู้ด้วยล่ะ?"
388,"คราวนี้จะฆ่าให้ตายจริงๆ เลย"
389,"ถ้าจะหันดาบใส่ ก็จงกลับลงไปสู่พื้นที่เย็นเยียบนั่นเถอะ"
390,"ความรู้สึกนี้มันอะไรกัน..."
391,"ยังมีสิ่งที่อยากจะตายนอกจากคนอยู่ด้วยสินะ..."
392,"ถ้าจะหันดาบใส่ ก็จงกลับลงไปสู่พื้นที่เย็นเยียบนั่นเถอะ"
393,"เป็นคุณชายที่น่ารักดีจังนะ จะฆ่าให้ตายแบบอ่อนโยนแล้วกัน"
394,"ฉันจะฆ่าเธอไม่ว่าจะกี่ครั้ง"
395,"ไม่จำเป็นต้องสั่งสอนฉันหรอก"
396,"ที่จมเรือของฉันคืออาวุธของเธอเองสินะ ขอโทษด้วยความตายก็แล้วกัน"
397,"พักชั่วคราว"
398,"ข้าไม่ได้เป็นคนอ่อนปวกเปียกจนยึดติดกับอดีตโง่ๆ หรอกนะ"
399,"รีบแสดงพลังที่แท้จริงให้เห็นได้แล้ว"
400,"ยอมรับเลยว่านายมันหัวดื้อจริงๆ"
401,"ข้าไม่มีเวลามาเล่นกับเธอนะ"
402,"พลังนั่นน่าสนใจดีนะ"
403,"แค่ทดสอบเล็กน้อยน่ะ ไม่ต้องเกรงใจกันหรอก"
404,"ขอดูวิชาดาบนั่นสักหน่อยนะ"
405,"เธอคือ...คนที่สเปราท์ตามหา"
406,"เข้ามาได้เลย ไม่ต้องเกรงใจนะ"
407,"พลังเลวร้ายนั่น ฉันจะผนึกมันเอง"
408,"ไม่คิดเลยนะว่าจะได้เจอกันอีก ฟลอเรนซ์"
409,"ฉันออมมือให้พาลโมไม่ได้หรอก"
410,"ฉันไม่มีความเห็นใจให้แกหรอกนะ อาสึระ"
411,"ขอเป็นคู่มือให้นะคะ ใต้เท้า"
412,"เครื่องจักรก็มีวิธีเล่นเกมแบบเครื่องจักรครับ"
413,"แหมๆ ไม่เจอกันนานเลยครับ"
414,"สบายดีอยู่ไหมครับ โบรวนิ่ง"
415,"เอาล่ะ มาเริ่มเกมกันเถอะ"
416,"พักชั่วคราว"
417,"ข้าไม่สนใจเรื่องแก้แค้นหรอก แต่จะขอตัดสินกันตรงนี้ล่ะ"
418,"เป็นอะไรไป? อาการตะคริวนั่นอีกแล้วรึ?"
419,"สมเป็นคนทรยศดีนะ ขอมอบความตายแสนทรมานให้ก็แล้วกัน"
420,"ภายนอกก็ดูเป็นตุ๊กตางดงามดีอยู่หรอก แต่ข้างในจะเป็นยังไงบ้างนะ?"
421,"ขอเสียมารยาทประลองด้วยขอรับ ท่านเรดเกรฟ"
422,"งานเสร็จแล้วเหรอครับ ด็อกเตอร์"
423,"หน้าที่ในฐานะผู้เฝ้าประตู ก็ไม่เลวเลยนะ"
424,"ร่างกายของเธอก็ดูไม่เลวเลยนะ"
425,"เจ้าคนเขลาที่ถูกปิศาจแห่งความยุ่งเหยิงเข้าสิงเอ๋ย จงสำเหนียกตัวเองบ้าง"
426,"ขอบคุณที่ช่วยเหลือนะ จะขอรับรางวัลไปล่ะ"
427,"พลังของแกจะก่อความยุ่งเหยิงให้โลกนี้"
428,"ประลองฝีมือรึ ก็ไม่เลว"
429,"ถึงเวลาที่ต้องจบเรื่องกันสักทีแล้วสินะ"
430,"ให้ตายสิเจ้าพวกหัวดื้อ มาตัดสินกันเลย"
431,"จะสู้กับข้างั้นรึ? เก่งขึ้นมากเลยนี่ อาร์ชิบัลท์"
432,"ขอดูฝีมือดาบของแกหน่อยแล้วกัน"
433,"ไม่จำเป็นต้องทักทายหรอก เข้ามาเลยดีกว่า"
434,"ไม่จำเป็นต้องทักทายหรอก เข้ามาเลยดีกว่า"
435,"สีหน้าชวนคิดถึงจังนะ เยี่ยม"
436,"หากทุกอย่างจบ ก็จะเริ่มใหม่ได้ ข้าไม่ยอมให้มาขวางหรอก"
437,"ข้าเองก็อยากให้เจ้าได้เห็นสิ่งที่ข้าเห็นเช่นกัน"
438,"จะช่วยนำทางวิญญาณผู้หลงทางก็แล้วกัน"
439,"ขอลองพลังนั่นดูหน่อยนะ"
440,"ข้าไม่มีเวลามายุ่งกับเรื่องล้อเล่นไร้สาระของแกหรอกนะ"
441,"ดูท่าทางไม่ค่อยดีเลยนะ"
442,"ขอโทษทีนะ ฉันไม่มีเวลาให้นึกเสียใจกับเรื่องที่ล่วงเกินพวกเธอไปหรอก"
443,"รู้สึกจะติดตั้งเครื่องจักรมากไปจนมีปัญหาเรื่องบุคลิกมนุษย์นะ"
444,"คนที่ปั่นหัวโดนิต้าคือแกเองเหรอ?"
445,"สำหรับฉันแล้ว ความลับของโลกนี้มันมีอยู่จริง"
446,"ฉันจะผนึกพลังต้องสาปของแกเอง!"
447,"ผบ. คะ กรุณาถอยไปค่ะ"
448,"เธอเองสินะพาลโม ฉันเคยได้ยินเรื่องของเธอมาก่อน"
449,"เจ้าเล่ห์นักนะ อาสึระ"
450,"ขอบังอาจเป็นคู่มือกับท่านค่ะ"
451,"หรือว่าเธอคือเด็กที่ชื่อไอน์?"
452,"หลีกไปซะ สเปราท์ ฉันไม่อยากสู้กับเธอนะ"
453,"ทำให้ทุกคนเจ็บปวด...ยกโทษให้ไม่ได้!"
454,"โอกาสดีเลย ที่จะได้ลองพลังกับทหารจักรกล"
455,"แกคนเดียวที่ฉันจะไม่เกรงใจ"
456,"ท่านลูคา...ทำไมถึงต้องสู้ด้วยล่ะคะ?"
457,"ขอชมฝีมือดาบที่ว่ากันว่าเป็นหนึ่งในอาณาจักรเป็นขวัญตาหน่อยเถอะ"
458,"ข้าไม่มีเวลามาเล่นกับเด็กน้อยหรอกนะ"
459,"ดอกกุหลาบที่โชคร้ายงั้นเหรอ ข้าจะทำให้มันจบไปตรงนี้ก็แล้วกัน"
460,"เป็นผู้หญิงที่ดื้อด้านจริงนะ ข้าจะหยุดเจ้าด้วยมือของข้าเองนี่แหละ"
461,"แกจะมาเข้าใจอะไรข้า"
462,"ต้องก้าวผ่านความกลัวไปให้ได้"
463,"มาลองดูกันว่าฝือมือใครจะเหนือกว่า"
464,"เหมือนเคยเจอเธอที่ไหนมาก่อนนะ..."
465,"ดีใจที่ได้เจอคนรู้จักนะ แต่จากนี้คงต้องเหลือคนใดคนหนึ่งแล้วล่ะ"
466,"โอ๊ะ คิดถึงจังเลยนะ"
467,"หากเป็นผู้รับใช้อาณาจักรล่ะก็ เจ้าก็ควรรับใช้เราด้วย"
468,"พวกเราข้ามผ่านความเศร้าโศกมาแล้ว"
469,"พลังที่ไร้ความประสงค์ของคนตายน่ะ...มันไร้ค่า"
470,"ความแตกต่างระหว่างแกกับพวกเรามันน้อยนิด ทว่า..."
471,"อย่าคิดว่าจะหนีมาร์เซอุสผู้นี้พ้นนะ"
472,"ต่อให้เป็นบุปผางาม แต่สักวันหนึ่ง..."
473,"เมเลน...ฉันไม่อยากสู้กับเธอเลยนะ"
474,"สวัสดีครับ"
475,"รับแส้ไหมครับ คุณนักสืบ"
476,"มาลองกันดูว่าฝีมือดาบใครจะเหนือกว่า"
477,"ลดดาบลงซะสเปราท์ ข้าไม่อยากสู้กับเจ้า"
478,"ข้าขอสังหารเจ้าในนามแห่งอาณาจักร..."
479,"ไม่ว่าอย่างไรก็จะสู้งั้นหรือขอรับ เอด้า"
480,"ไม่คิดเลยว่าจะต้องมาประดาบกันแบบนี้"
481,"คนประเทศเดียวกันสู้กันแล้วได้อะไร?"
482,"ขอโทษนะ...พาลโม"
483,"อาสึระ แกคนเดียวที่ข้าจะไม่ยกโทษให้"
484,"การต่อสู้ของเรายังไม่จบ"
485,"ทั้งหมดนี่ก็แค่ละครจัดฉาก แต่แค่สนุกกับมันก็พอแล้ว"
486,"อะฮะๆๆ จะจริงจังทำไมล่ะ?"
487,"มาตายด้วยกันไหม?"
488,"นี่ ฉันอยากตายนะ ลองฆ่าฉันดูสิ"
489,"จบกัน จบกัน จบกันให้หมด"
490,"น่ารักซะจนอยากจะเชือดทิ้งเลยนะ"
491,"ฮุฮุฮุฮุฮุฮุฮุฮุฮุฮุฮุฮุฮุฮุฮุฮุฮุฮุฮุฮุฮุฮุฮุ"
492,"อะฮะฮะฮะฮะฮะฮะฮะฮะฮะฮะฮะฮะฮะฮะฮะ"
493,"ฝ่ายผมมีความยุติธรรมสถิตย์อยู่แล้ว"
494,"ผมไม่อาจมองข้ามคนเลวได้"
495,"ผมมีทุกอย่าง เพราะฉะนั้นจึงจะขอทำหน้าที่ให้ลุล่วง"
496,"ผมอยู่เพื่อแก้สิ่งผิดให้ถูกต้อง"
497,"จะแสดงความถูกต้องให้เห็นด้วยการต่อสู้นี่ล่ะ!"
498,"ถึงเธอจะไม่น่าเชื่อใจเท่าไหร่ แต่จะขอชมพลังหน่อยล่ะ"
499,"เธอนี่บ้าคลั่งได้ใจจริงๆ"
500,"ฉัน คือว่า...เอ๊ะ ทำไมถึงมาอยู่ที่นี่ได้..."
501,"เอ่อ ขอโทษนะคะ คือฉันไม่ถนัดการต่อสู้..."
502,"ไม่เห็นรู้มาก่อนเลย..."
503,"โอ๊ย จะเป็นยังไงก็เป็นเถอะ!"
504,"ความสามารถด้านวิทยาศาสตร์ของฉันไร้เทียมทาน! ...อ๊ะ ไม่เหมาะเลย"
505,"อ...ไอน์? ไม่เอานะ แม้แต่เธอก็ด้วยเหรอ!"
506,"อ๊ะ ขอโทษค่ะ เดี๋ยวฉันก็จะไม่อยู่แล้ว"
507,"ขอบคุณมากเลยนะคะที่ดึงฉันเข้ามาเอี่ยวด้วย!"
508,"อะไรกัน ยังอยู่อีกเหรอ ไหนๆ ก็ไหนๆ ลองสนุกดูบ้างสิ"
509,"จะเก็บกวาดเดี๋ยวนี้แหละ"
510,"ข้าไม่มีธุระกับพวกขี้แพ้"
511,"การพูดคุยไม่มีความหมาย ตายซะ"
512,"นี่แหละวิธีจัดการที่ดีที่สุดบนโลกที่เน่าเหม็นล่ะ"
513,"ตายต่อหน้าข้าให้ดูหน่อยสิ"
514,"เจ้าเด็กตัวเกะกะ"
515,"ไม่คิดเลยนะว่าตัวจริงของปิศาจจะเป็นแค่เด็ก"
516,"ไม่มีการออมมือให้แกเด็ดขาด!"
517,"ข้าไม่โชคร้ายไปมากกว่านี้แล้วล่ะ"
518,"สูทสวยนี่ ดูเหมาะดีนะ"
519,"ดอกไม้ ความตาย แอปเปิ้ล..."
520,"เสียงดนตรีนี่ได้ยินไปถึงไหนเหรอ?"
521,"อา..เสียงปิศาจนั่นอีกแล้ว! จะตามฉันมาถึงเมื่อไหร่กัน!"
522,"เจ็บเหลือเกิน...ขอร้องล่ะ ใครก็ได้"
523,"เจ็บ เจ็บ เจ็บ เจ็บ..."
524,"แย่ที่สุด...อยากจะอาเจียน"
525,"ใจเย็นไว้ อีฟลิน ไม่เป็นไร ผมอยู่ที่นี่นะ"
526,"ช่างฉันเถอะ...ช่างเถอะ"
527,"ยินดีที่ได้เป็นคู่ต่อสู้ของท่านครับ"
528,"ไม่คิดว่าชีวิตมนุษย์นั้นสั้นหรือครับ?"
529,"ขอความกรุณาด้วย"
530,"โลกงดงามยิ่งยามร่วงโรย"
531,"เอาล่ะ ถึงตอนจบแล้วครับ"
532,"ผมต้องตอบแทนคุณให้ได้ในสักวัน"
533,"ยามที่ท่านระลึกได้แล้ว ท่านหญิงศักดิ์สิทธิ์ก็จะ..."
534,"ขอฟังท่วงทำนองที่เคลื่อนไประหว่างความเป็นและความตายหน่อยสิ"
535,"ปราชญ์บรรเลง คนเขลาสดับ นี่แหละความสัมพันธ์ของเรา"
536,"ผมขอฟังโทนเสียงแสนหวานนี้เรื่อยไป ไม่ว่าจะกี่ครั้งก็ตาม"
537,"การแก้แค้นก็คือท่วงทำนองที่บรรเลงย้อนไปมานั่นแหละ"
538,"ชีวิตทุกชีวิตมีจุดจบ เช่นเดียวกับเพลงที่การบรรเลงย่อมมีเวลาสิ้นสุด"
539,"จะบรรเลงเสียงของซาซี่ให้แกได้ฟัง"
540,"รู้สึกไม่ดีตรงไหนเหรอคะ?"
541,"เอาล่ะ มาเริ่มรักษากันเลยค่ะ"
542,"ฉีดยามันไม่เจ็บหรอกน้า"
543,"ถ้าสบายดีล่ะก็ ช่วยกลับไปได้ไหมคะ?"
544,"อา..รู้สึกแปลกจัง ได้ยินเสียงนั้นอีกแล้ว"
545,"ฉันไม่ใช่แม่ของเธอนะ!"
546,"เย้ คุณแม่ล่ะ! มาเล่นด้วยกันเถอะ!"
547,"นึกออกแล้ว เธอคือ..."
548,"ไม่มีใครสามารถฝ่าประสงค์ของพระเจ้าได้"
549,"เราต่อสู้เพื่อโลกที่พระเจ้าต้องการ"
550,"ความต้องการคือสิ่งจอมปลอม ทั้งหมดคือโชคชะตา"
551,"ความประสงค์ข้าคือประสงค์ของพระเจ้า"
552,"พระเจ้าคือผู้สร้างอนาคต"
553,"ขอดูพลังของแกหน่อยเถอะ"
554,"ขอมอบทัณฑ์สวรรค์พิเศษให้แก"
555,"เลือด...จำเป็นสำหรับการต่อสู้"
556,"เพราะแก! ทุกคนถึงต้องทรมาน!"
557,"เธอจะเล่นกับฉันเหรอ?"
558,"ชีวิตคนนั้นสั้นนัก มาสนุกกันเถอะ"
559,"นี่ เธอไม่ได้รังเกียจเรื่องสนุกๆ ใช่ไหมล่ะ?"
560,"ฉันมีชีวิตอยู่เพื่อความเพลิดเพลิน เธอก็เหมือนกันใช่ไหม"
561,"ให้มันจบตรงนี้ก็ได้นะ ถ้าจะสนุกได้ตอนนี้"
562,"จะให้มามัวคิดถึงแต่อดีตที่ผ่านไปน่ะ ฉันทำไม่ได้หรอก"
563,"เบียกิตเต้ ฉันมาต้อนรับเธอแล้ว"
564,"ได้เจอกันแบบนี้ อย่างกับชะตาลิขิตเลยนะ"
565,"ความงามคือสิ่งล้ำค่าที่สุด"
566,"ความงามนั้นชนะความตาย"
567,"ความงามของโลกนี้มีไว้เพื่อฉัน"
568,"อย่าทำให้ฉันโกรธนะ เจ้าพวกอัปลักษณ์ทั้งหลาย"
569,"ความงามคือท่วงทำนอง คือจรรยาของผู้แข็งแกร่ง"
570,"สวัสดีครับ ท่านเบียกิตเต้ ยังคงงดงามไม่เปลี่ยนเลยนะ"
571,"อย่าลืมหน้าที่ตัวเองนะ คูห์น"
572,"วันเวลาที่ผันผ่านราวกับฟองสบู่"
573,"ได้ยินเสียงใครสักคน...จริงๆ นะ..."
574,"โลกที่ไม่มีทั้งความเจ็บปวดและความเศร้า ยังจะมีสีอยู่ไหม?"
575,"คิดว่าถ้ารออยู่ตรงนี้แล้วจะมีอะไรเปลี่ยนงั้นเหรอ?"
576,"หากฤดูหนาวมาเยือน ดอกไม้ทั้งหมดคงร่วงโรย..."
577,"เอ่อ..."
578,"อา..."
579,"อาจารย์..."
580,"ฉัน..."
581,"...."
582,"ไม่เจอกันนานเลยนะ ชาร์ล็อต"
583,"สบายดีไหม? ชาร์ล็อต"
584,"เริ่มบันทึกการต่อสู้ ขอให้เป็นผู้แข็งแกร่งทีเถอะ"
585,"เธอจงเป็นหนูทดลองของเด็กคนนั้นซะเถอะ"
586,"ผมจะแสดงให้ดูว่าทฤษฎีของผมนั้นถูกต้อง!"
587,"อย่าทำพังจนกว่าผมจะสั่งนะ"
588,"ขอใช้ร่างกายของเธอเพื่อทดสอบพลังทำลายของอาวุธสงครามหน่อยนะ"
589,"ไม่ว่าจะยังไง ผมที่เป็นผู้สร้างเด็กคนนั้นขึ้นมาก็เป็นฝ่ายถูก!"
590,"เธอจะลองชิมอาวุธที่ผมสร้างขึ้นมาไหมล่ะ?"
591,"เอาล่ะ แสดงพลังนั่นให้ผมดูหน่อยสิ!"
592,"C.C. เธอน่ะเก่งมาก ผมถึงยกโทษให้เธอไม่ได้"
593,"ไทเรล โทษของเธอมันหนักหนา จงรับทัณฑ์ที่นี่เลยเสียเถอะ"
594,"จะทิ้งความเมตตา แล้วหันมาโจมตีข้างั้นรึ"
595,"คนคนนี้...ให้ความรู้สึกไม่ดีเลย..."
596,"ฉันไม่เคยดูถูกเธอแม้แต่ครั้งเดียวเลยนะ ไทเรล..."
